bets,bookmaker,bootstrap_draws,bootstrap_method,independent_games,losses,market,policy,roi,roi_ci_95,segment,side,units_profit,week,win_rate,wins
447,,1000,deterministic_game_cluster_bootstrap,259,213,passing_tds,v3_baseline,0.010161020930802431,"[-0.09036963461714377, 0.11493946404340834]",by_market,,4.5419763560686865,,0.5234899328859061,234
2214,,1000,deterministic_game_cluster_bootstrap,267,1171,passing_yards,v3_baseline,-0.11096715189529657,"[-0.20000152239755625, -0.021131054686010158]",by_market,,-245.68127429618661,,0.47109304426377596,1043
9190,,1000,deterministic_game_cluster_bootstrap,270,4494,receiving_yards,v3_baseline,-0.03216911416279415,"[-0.06884453397974577, 0.002867517697498812]",by_market,,-295.6341591560782,,0.5109902067464636,4696
3337,,1000,deterministic_game_cluster_bootstrap,270,1603,receptions,v3_baseline,-0.0324039492757111,"[-0.07067863736023082, 0.005465946361550536]",by_market,,-108.13197873304794,,0.5196284087503746,1734
733,,1000,deterministic_game_cluster_bootstrap,260,354,rushing_attempts,v3_baseline,-0.025179594278751997,"[-0.10071841015105669, 0.04895792853672703]",by_market,,-18.456642606325214,,0.5170532060027285,379
1924,,1000,deterministic_game_cluster_bootstrap,268,952,rushing_yards,v3_baseline,-0.033883750104396974,"[-0.10854849717422899, 0.03198578694481255]",by_market,,-65.19233520085977,,0.5051975051975052,972
3673,betmgm,1000,deterministic_game_cluster_bootstrap,257,1853,,v3_baseline,-0.0640095977979561,"[-0.10201944453045948, -0.026451242948937196]",by_bookmaker,,-235.10725271189276,,0.4955077593248026,1820
2389,betonlineag,1000,deterministic_game_cluster_bootstrap,269,1191,,v3_baseline,-0.037677780168456805,"[-0.08593385248555847, 0.008288561567309453]",by_bookmaker,,-90.0122168224433,,0.501465048137296,1198
1742,betrivers,1000,deterministic_game_cluster_bootstrap,270,845,,v3_baseline,-0.031996390781572126,"[-0.07981877418444468, 0.015577342043328389]",by_bookmaker,,-55.73771274149864,,0.5149253731343284,897
1898,bovada,1000,deterministic_game_cluster_bootstrap,264,968,,v3_baseline,-0.04602476502394259,"[-0.09517932929622869, 0.005311008714576114]",by_bookmaker,,-87.35500401544304,,0.48998946259220233,930
2733,draftkings,1000,deterministic_game_cluster_bootstrap,269,1308,,v3_baseline,-0.014378870975870579,"[-0.0558900432770674, 0.027737205800809798]",by_bookmaker,,-39.297454377054294,,0.5214050493962679,1425
2077,fanatics,1000,deterministic_game_cluster_bootstrap,220,996,,v3_baseline,-0.062302366674154126,"[-0.10203175655921992, -0.023637386689015612]",by_bookmaker,,-129.40201558221813,,0.5204622051035147,1081
2118,fanduel,1000,deterministic_game_cluster_bootstrap,269,1033,,v3_baseline,-0.030735284527211502,"[-0.074234959510011, 0.015319432318545474]",by_bookmaker,,-65.09733262863396,,0.512275731822474,1085
1215,williamhill_us,1000,deterministic_game_cluster_bootstrap,269,593,,v3_baseline,-0.0218480862199547,"[-0.0799747034452116, 0.03353568540573346]",by_bookmaker,,-26.54542475724496,,0.5119341563786008,622
847,,1000,deterministic_game_cluster_bootstrap,16,435,,v3_baseline,-0.07535471720267309,"[-0.18832110464247587, 0.04181347195665498]",by_week,,-63.8254454706641,1,0.48642266824085006,412
995,,1000,deterministic_game_cluster_bootstrap,14,459,,v3_baseline,0.019620855540928902,"[-0.12777957131855952, 0.164850900152407]",by_week,,19.522751263224258,10,0.5386934673366834,536
996,,1000,deterministic_game_cluster_bootstrap,15,457,,v3_baseline,0.01919349166097078,"[-0.08550771757999735, 0.12142179650094928]",by_week,,19.116717694326898,11,0.5411646586345381,539
936,,1000,deterministic_game_cluster_bootstrap,14,488,,v3_baseline,-0.0948450242864888,"[-0.25626371809879167, 0.04605488094602609]",by_week,,-88.77494273215352,12,0.47863247863247865,448
1150,,1000,deterministic_game_cluster_bootstrap,16,550,,v3_baseline,-0.014070277107504728,"[-0.13095559300850562, 0.09411736175849443]",by_week,,-16.180818673630437,13,0.5217391304347826,600
907,,1000,deterministic_game_cluster_bootstrap,14,415,,v3_baseline,0.012497143164311888,"[-0.11762825670554747, 0.13827814834225644]",by_week,,11.334908850030882,14,0.5424476295479603,492
1083,,1000,deterministic_game_cluster_bootstrap,16,540,,v3_baseline,-0.04757975058568819,"[-0.14539287683585986, 0.04051760645308943]",by_week,,-51.528869884300306,15,0.5013850415512465,543
927,,1000,deterministic_game_cluster_bootstrap,16,455,,v3_baseline,-0.03669614575361146,"[-0.18318306163852222, 0.10364637948185809]",by_week,,-34.01732711359782,16,0.5091693635382956,472
916,,1000,deterministic_game_cluster_bootstrap,16,443,,v3_baseline,-0.015725561988856544,"[-0.14218800188443875, 0.12110199677471524]",by_week,,-14.404614781792596,17,0.5163755458515283,473
603,,1000,deterministic_game_cluster_bootstrap,15,269,,v3_baseline,0.045230740110922284,"[-0.11990388148187366, 0.21535527709578925]",by_week,,27.274136286886137,18,0.5538971807628524,334
1048,,1000,deterministic_game_cluster_bootstrap,16,527,,v3_baseline,-0.05854975444784809,"[-0.19255938602444422, 0.06047654350908961]",by_week,,-61.360142661344796,2,0.49713740458015265,521
1140,,1000,deterministic_game_cluster_bootstrap,16,531,,v3_baseline,0.00948309785010857,"[-0.1140246140367572, 0.11522813136749896]",by_week,,10.81073154912377,3,0.5342105263157895,609
1219,,1000,deterministic_game_cluster_bootstrap,16,592,,v3_baseline,-0.030499343090491064,"[-0.1484317215118726, 0.09600476847155276]",by_week,,-37.178699227308606,4,0.5143560295324036,627
1076,,1000,deterministic_game_cluster_bootstrap,14,643,,v3_baseline,-0.2471032487120412,"[-0.3512671122631976, -0.13778753651244857]",by_week,,-265.88309561415633,5,0.4024163568773234,433
1096,,1000,deterministic_game_cluster_bootstrap,15,515,,v3_baseline,0.00351573210138359,"[-0.08157850523164255, 0.07965121141014517]",by_week,,3.853242383116415,6,0.5301094890510949,581
1029,,1000,deterministic_game_cluster_bootstrap,15,496,,v3_baseline,-0.012844602196292418,"[-0.14912781928746469, 0.1022485029153222]",by_week,,-13.217095659984897,7,0.5179786200194364,533
886,,1000,deterministic_game_cluster_bootstrap,13,460,,v3_baseline,-0.09064081003799421,"[-0.24044492539817375, 0.05692414750968555]",by_week,,-80.30775769366286,8,0.48081264108352145,426
991,,1000,deterministic_game_cluster_bootstrap,14,512,,v3_baseline,-0.09463985080781145,"[-0.21800559364466413, 0.023085496428475374]",by_week,,-93.78809215054115,9,0.48335015136226034,479
1109,,1000,deterministic_game_cluster_bootstrap,175,579,,v3_baseline,-0.08424475624554416,"[-0.1818283377560708, 0.008036124103328273]",by_side,OVER,-93.42743467630848,,0.47790802524797116,530
16736,,1000,deterministic_game_cluster_bootstrap,271,8208,,v3_baseline,-0.03794974778681409,"[-0.070268978168233, -0.00515879867687486]",by_side,UNDER,-635.1269789601206,,0.5095602294455067,8528
100,betmgm,1000,deterministic_game_cluster_bootstrap,88,44,passing_tds,v3_baseline,0.14523603429587129,"[-0.061226704850940596, 0.3607028235482735]",by_market_bookmaker,,14.52360342958713,,0.56,56
99,betonlineag,1000,deterministic_game_cluster_bootstrap,92,47,passing_tds,v3_baseline,0.07645393958817645,"[-0.11693810257506486, 0.313572056454682]",by_market_bookmaker,,7.568940019229468,,0.5252525252525253,52
31,betrivers,1000,deterministic_game_cluster_bootstrap,28,14,passing_tds,v3_baseline,0.12703173415878335,"[-0.2105070135154773, 0.48377079573652154]",by_market_bookmaker,,3.937983758922284,,0.5483870967741935,17
48,bovada,1000,deterministic_game_cluster_bootstrap,46,23,passing_tds,v3_baseline,-0.019068838048973705,"[-0.30838203077786414, 0.25345150426303525]",by_market_bookmaker,,-0.9153042263507378,,0.5208333333333334,25
63,draftkings,1000,deterministic_game_cluster_bootstrap,57,32,passing_tds,v3_baseline,-0.15408064600971197,"[-0.36679817706780643, 0.07449676028470008]",by_market_bookmaker,,-9.707080698611854,,0.49206349206349204,31
50,fanatics,1000,deterministic_game_cluster_bootstrap,46,21,passing_tds,v3_baseline,0.0032100773524620417,"[-0.241670740048022, 0.24814176025624798]",by_market_bookmaker,,0.1605038676231021,,0.58,29
53,fanduel,1000,deterministic_game_cluster_bootstrap,51,31,passing_tds,v3_baseline,-0.20905649716904545,"[-0.46414838497088334, 0.05523826908810003]",by_market_bookmaker,,-11.079994349959408,,0.41509433962264153,22
3,williamhill_us,1000,deterministic_game_cluster_bootstrap,3,1,passing_tds,v3_baseline,0.01777485187623436,"[-1.0, 0.6451612903225806]",by_market_bookmaker,,0.053324555628703085,,0.6666666666666666,2
300,betmgm,1000,deterministic_game_cluster_bootstrap,223,158,passing_yards,v3_baseline,-0.1147089915143219,"[-0.21391159387517547, -0.01397623876898012]",by_market_bookmaker,,-34.41269745429657,,0.47333333333333333,142
259,betonlineag,1000,deterministic_game_cluster_bootstrap,197,132,passing_yards,v3_baseline,-0.06999825212359999,"[-0.17699079678507665, 0.04575075472799959]",by_market_bookmaker,,-18.129547300012398,,0.49034749034749037,127
287,betrivers,1000,deterministic_game_cluster_bootstrap,217,152,passing_yards,v3_baseline,-0.12146710532927017,"[-0.2314881743286242, -0.011149848330266492]",by_market_bookmaker,,-34.86105922950054,,0.47038327526132406,135
285,bovada,1000,deterministic_game_cluster_bootstrap,209,159,passing_yards,v3_baseline,-0.15531856155491705,"[-0.25384014166909413, -0.05192336089013185]",by_market_bookmaker,,-44.26579004315136,,0.4421052631578947,126
334,draftkings,1000,deterministic_game_cluster_bootstrap,231,172,passing_yards,v3_baseline,-0.08205362630036801,"[-0.18474614316463606, 0.022069021904148934]",by_market_bookmaker,,-27.405911184322918,,0.48502994011976047,162
218,fanatics,1000,deterministic_game_cluster_bootstrap,164,110,passing_yards,v3_baseline,-0.0712115168437466,"[-0.1896634327464367, 0.04502915684432548]",by_market_bookmaker,,-15.52411067193676,,0.4954128440366973,108
313,fanduel,1000,deterministic_game_cluster_bootstrap,223,168,passing_yards,v3_baseline,-0.12321827427569743,"[-0.2206656999082819, -0.02289453593183047]",by_market_bookmaker,,-38.567319848293295,,0.46325878594249204,145
218,williamhill_us,1000,deterministic_game_cluster_bootstrap,174,120,passing_yards,v3_baseline,-0.14915063561776498,"[-0.26746092537258254, -0.036819498721398745]",by_market_bookmaker,,-32.514838564672765,,0.44954128440366975,98
1583,betmgm,1000,deterministic_game_cluster_bootstrap,256,801,receiving_yards,v3_baseline,-0.0689421607550172,"[-0.12051582722527415, -0.02008613539603997]",by_market_bookmaker,,-109.13544047519223,,0.4939987365761213,782
1333,betonlineag,1000,deterministic_game_cluster_bootstrap,267,669,receiving_yards,v3_baseline,-0.051939583397905074,"[-0.1048387019331889, -0.0015843300898823322]",by_market_bookmaker,,-69.23546466940746,,0.4981245311327832,664
956,betrivers,1000,deterministic_game_cluster_bootstrap,263,463,receiving_yards,v3_baseline,-0.03601715149106606,"[-0.09635748750407844, 0.020743488699886417]",by_market_bookmaker,,-34.43239682545915,,0.5156903765690377,493
962,bovada,1000,deterministic_game_cluster_bootstrap,255,468,receiving_yards,v3_baseline,-0.00655199456383379,"[-0.07073253129104866, 0.054859609003967504]",by_market_bookmaker,,-6.303018770408106,,0.5135135135135135,494
1403,draftkings,1000,deterministic_game_cluster_bootstrap,268,666,receiving_yards,v3_baseline,-0.003314652075936841,"[-0.05755685388307608, 0.047386291539887555]",by_market_bookmaker,,-4.650456862539388,,0.5253029223093372,737
1174,fanatics,1000,deterministic_game_cluster_bootstrap,215,593,receiving_yards,v3_baseline,-0.07496606317712072,"[-0.12333778107738642, -0.024425834073660918]",by_market_bookmaker,,-88.01015816993973,,0.4948892674616695,581
1059,fanduel,1000,deterministic_game_cluster_bootstrap,265,495,receiving_yards,v3_baseline,0.008315097233884752,"[-0.05163509368690302, 0.06437985391191992]",by_market_bookmaker,,8.805687970683953,,0.5325779036827195,564
720,williamhill_us,1000,deterministic_game_cluster_bootstrap,257,339,receiving_yards,v3_baseline,0.010176512008588727,"[-0.061001259843884756, 0.08053003208423677]",by_market_bookmaker,,7.327088646183883,,0.5291666666666667,381
956,betmgm,1000,deterministic_game_cluster_bootstrap,249,500,receptions,v3_baseline,-0.10428957577499649,"[-0.1618995152277071, -0.04491051512540695]",by_market_bookmaker,,-99.70083444089664,,0.4769874476987448,456
381,betonlineag,1000,deterministic_game_cluster_bootstrap,195,192,receptions,v3_baseline,-0.030566570743563042,"[-0.14655360326602077, 0.08972806658300705]",by_market_bookmaker,,-11.645863453297519,,0.49606299212598426,189
268,betrivers,1000,deterministic_game_cluster_bootstrap,144,116,receptions,v3_baseline,0.08588053699996004,"[-0.02170662164629735, 0.20347191612584267]",by_market_bookmaker,,23.015983915989292,,0.5671641791044776,152
309,bovada,1000,deterministic_game_cluster_bootstrap,180,159,receptions,v3_baseline,-0.035567559159385184,"[-0.16033953269852685, 0.08597956524366113]",by_market_bookmaker,,-10.990375780250021,,0.4854368932038835,150
535,draftkings,1000,deterministic_game_cluster_bootstrap,234,241,receptions,v3_baseline,0.03735384881297567,"[-0.03566726408451048, 0.1138234173495381]",by_market_bookmaker,,19.984309114941983,,0.5495327102803739,294
351,fanatics,1000,deterministic_game_cluster_bootstrap,172,123,receptions,v3_baseline,0.020490285818783923,"[-0.06097497444781915, 0.10135813939967764]",by_market_bookmaker,,7.192090322393157,,0.6495726495726496,228
429,fanduel,1000,deterministic_game_cluster_bootstrap,211,216,receptions,v3_baseline,-0.06658688679756053,"[-0.1572361168743755, 0.026705690183113924]",by_market_bookmaker,,-28.565774436153465,,0.4965034965034965,213
108,williamhill_us,1000,deterministic_game_cluster_bootstrap,85,56,receptions,v3_baseline,-0.06871772199791407,"[-0.26902606757800973, 0.11941524667201248]",by_market_bookmaker,,-7.42151397577472,,0.48148148148148145,52
385,betmgm,1000,deterministic_game_cluster_bootstrap,213,187,rushing_attempts,v3_baseline,-0.033997399471143226,"[-0.1288626200001817, 0.06167846875560144]",by_market_bookmaker,,-13.088998796390142,,0.5142857142857142,198
67,betonlineag,1000,deterministic_game_cluster_bootstrap,58,29,rushing_attempts,v3_baseline,0.10921926394273784,"[-0.13028402252929086, 0.34632996675330774]",by_market_bookmaker,,7.317690684163436,,0.5671641791044776,38
29,betrivers,1000,deterministic_game_cluster_bootstrap,26,15,rushing_attempts,v3_baseline,-0.11681479274651069,"[-0.4479521741865444, 0.22943526633519215]",by_market_bookmaker,,-3.38762898964881,,0.4827586206896552,14
48,bovada,1000,deterministic_game_cluster_bootstrap,47,27,rushing_attempts,v3_baseline,-0.1236351615396468,"[-0.3962849650349651, 0.15544002443154908]",by_market_bookmaker,,-5.9344877539030465,,0.4375,21
111,draftkings,1000,deterministic_game_cluster_bootstrap,94,58,rushing_attempts,v3_baseline,-0.10432573443804453,"[-0.2664211215324446, 0.07557074249621734]",by_market_bookmaker,,-11.580156522622943,,0.4774774774774775,53
54,fanatics,1000,deterministic_game_cluster_bootstrap,45,23,rushing_attempts,v3_baseline,0.0153550948430206,"[-0.1971151401001602, 0.24198245773307298]",by_market_bookmaker,,0.8291751215231123,,0.5740740740740741,31
39,fanduel,1000,deterministic_game_cluster_bootstrap,38,15,rushing_attempts,v3_baseline,0.1894298371936712,"[-0.10070133944172492, 0.49769567410922694]",by_market_bookmaker,,7.387763650553177,,0.6153846153846154,24
349,betmgm,1000,deterministic_game_cluster_bootstrap,196,163,rushing_yards,v3_baseline,0.019218094628354464,"[-0.08173490325465202, 0.1144380467398047]",by_market_bookmaker,,6.707115025295708,,0.5329512893982808,186
250,betonlineag,1000,deterministic_game_cluster_bootstrap,165,122,rushing_yards,v3_baseline,-0.023551888412475307,"[-0.1361893698963775, 0.08838719475922564]",by_market_bookmaker,,-5.887972103118827,,0.512,128
171,betrivers,1000,deterministic_game_cluster_bootstrap,134,85,rushing_yards,v3_baseline,-0.05854149340234925,"[-0.19686383793141152, 0.08848844373502071]",by_market_bookmaker,,-10.010595371801722,,0.5029239766081871,86
246,bovada,1000,deterministic_game_cluster_bootstrap,183,132,rushing_yards,v3_baseline,-0.07701637171292587,"[-0.19369194143814134, 0.04498913403155613]",by_market_bookmaker,,-18.946027441379766,,0.4634146341463415,114
287,draftkings,1000,deterministic_game_cluster_bootstrap,194,139,rushing_yards,v3_baseline,-0.02069044677316787,"[-0.13094426471864037, 0.07904987192376206]",by_market_bookmaker,,-5.938158223899179,,0.5156794425087108,148
230,fanatics,1000,deterministic_game_cluster_bootstrap,156,126,rushing_yards,v3_baseline,-0.14804137413861304,"[-0.2724273270419801, -0.011683162653910154]",by_market_bookmaker,,-34.049516051881,,0.45217391304347826,104
225,fanduel,1000,deterministic_game_cluster_bootstrap,163,108,rushing_yards,v3_baseline,-0.01367864717984415,"[-0.1362299452721108, 0.10200646090034789]",by_market_bookmaker,,-3.077695615464934,,0.52,117
166,williamhill_us,1000,deterministic_game_cluster_bootstrap,128,77,rushing_yards,v3_baseline,0.036207919164999665,"[-0.10427849277994287, 0.18155436190989485]",by_market_bookmaker,,6.010514581389944,,0.536144578313253,89
410,,1000,deterministic_game_cluster_bootstrap,253,217,passing_tds,v4_candidate,-0.041195695855006,"[-0.14098413177265046, 0.06909919516963023]",by_market,,-16.89023530055246,,0.47073170731707314,193
2020,,1000,deterministic_game_cluster_bootstrap,265,1078,passing_yards,v4_candidate,-0.1184976095069956,"[-0.2194354612404008, -0.027330399366758733]",by_market,,-239.36517120413112,,0.46633663366336636,942
8609,,1000,deterministic_game_cluster_bootstrap,270,4125,receiving_yards,v4_candidate,-0.013053193181657725,"[-0.04862459960923003, 0.02123642833534596]",by_market,,-112.37494010089135,,0.5208502729701475,4484
3079,,1000,deterministic_game_cluster_bootstrap,270,1470,receptions,v4_candidate,0.012981981954039244,"[-0.025528711775415956, 0.04789817447298978]",by_market,,39.97152243648683,,0.5225722637219876,1609
664,,1000,deterministic_game_cluster_bootstrap,256,296,rushing_attempts,v4_candidate,0.053073951054335426,"[-0.029400917628852438, 0.1347546507412903]",by_market,,35.24110350007872,,0.5542168674698795,368
1898,,1000,deterministic_game_cluster_bootstrap,266,930,rushing_yards,v4_candidate,-0.03255715794304702,"[-0.10948459130535174, 0.041073545600774974]",by_market,,-61.79348577590324,,0.5100105374077977,968
3543,betmgm,1000,deterministic_game_cluster_bootstrap,257,1596,,v4_candidate,0.03549963245586708,"[0.0035409218505410146, 0.0685901010035619]",by_bookmaker,,125.77519779113707,,0.5495342929720576,1947
1645,betonlineag,1000,deterministic_game_cluster_bootstrap,267,796,,v4_candidate,-0.006964551398960017,"[-0.05912772029002036, 0.04312877842149328]",by_bookmaker,,-11.456687051289228,,0.5161094224924012,849
1746,betrivers,1000,deterministic_game_cluster_bootstrap,270,861,,v4_candidate,-0.046857968471024976,"[-0.08806441399311919, -0.004541250965324045]",by_bookmaker,,-81.8140129504096,,0.506872852233677,885
1699,bovada,1000,deterministic_game_cluster_bootstrap,265,865,,v4_candidate,-0.04872195975685403,"[-0.09547557445002963, 0.0010304356113965238]",by_bookmaker,,-82.778609626895,,0.49087698646262506,834
2572,draftkings,1000,deterministic_game_cluster_bootstrap,269,1268,,v4_candidate,-0.03368711269581174,"[-0.06595472882799905, 0.0007386021560192481]",by_bookmaker,,-86.6432538536278,,0.5069984447900466,1304
2104,fanatics,1000,deterministic_game_cluster_bootstrap,217,1045,,v4_candidate,-0.02597320593223203,"[-0.0708243529121455, 0.015064855714615247]",by_bookmaker,,-54.64762528141619,,0.5033269961977186,1059
2401,fanduel,1000,deterministic_game_cluster_bootstrap,269,1194,,v4_candidate,-0.0417890689618253,"[-0.07514807362020741, -0.0046100790200486455]",by_bookmaker,,-100.33555457734253,,0.502707205331112,1207
970,williamhill_us,1000,deterministic_game_cluster_bootstrap,259,491,,v4_candidate,-0.06526872257223643,"[-0.1223044421469903, -0.00796832414653937]",by_bookmaker,,-63.31066089506934,,0.49381443298969074,479
812,,1000,deterministic_game_cluster_bootstrap,16,369,,v4_candidate,0.03650697424206493,"[-0.07517007619714566, 0.13009450169929718]",by_week,,29.64366308455672,1,0.5455665024630542,443
903,,1000,deterministic_game_cluster_bootstrap,14,452,,v4_candidate,-0.04781110419309808,"[-0.1437226573111843, 0.05856324433621523]",by_week,,-43.17342708636757,10,0.4994462901439646,451
915,,1000,deterministic_game_cluster_bootstrap,15,417,,v4_candidate,0.03370598421188275,"[-0.03903775564673717, 0.10938557451497485]",by_week,,30.840975553872713,11,0.5442622950819672,498
898,,1000,deterministic_game_cluster_bootstrap,14,469,,v4_candidate,-0.08751436000454803,"[-0.17139339180940852, 0.013143643152220027]",by_week,,-78.58789528408413,12,0.477728285077951,429
1091,,1000,deterministic_game_cluster_bootstrap,16,532,,v4_candidate,-0.0210217405876537,"[-0.12765250937549727, 0.07558962337321944]",by_week,,-22.93471898113019,13,0.5123739688359303,559
888,,1000,deterministic_game_cluster_bootstrap,14,468,,v4_candidate,-0.10810160743537277,"[-0.19822321444177038, -0.017509806687344615]",by_week,,-95.99422740261102,14,0.47297297297297297,420
1016,,1000,deterministic_game_cluster_bootstrap,16,508,,v4_candidate,-0.04430392630542786,"[-0.15873707857937508, 0.06885019367894792]",by_week,,-45.0127891263147,15,0.5,508
888,,1000,deterministic_game_cluster_bootstrap,16,436,,v4_candidate,-0.037006847974205045,"[-0.15700754624821128, 0.08123568344835766]",by_week,,-32.86208100109408,16,0.509009009009009,452
888,,1000,deterministic_game_cluster_bootstrap,16,442,,v4_candidate,-0.040310426740349944,"[-0.14068895381729601, 0.05917999537981057]",by_week,,-35.79565894543075,17,0.5022522522522522,446
565,,1000,deterministic_game_cluster_bootstrap,15,284,,v4_candidate,-0.05773048196023916,"[-0.19574431234827738, 0.08473066968055878]",by_week,,-32.617722307535125,18,0.49734513274336284,281
969,,1000,deterministic_game_cluster_bootstrap,16,475,,v4_candidate,-0.029424077276560184,"[-0.13848067531646124, 0.09072267302886443]",by_week,,-28.511930880986817,2,0.5098039215686274,494
1040,,1000,deterministic_game_cluster_bootstrap,16,532,,v4_candidate,-0.06679354008342904,"[-0.15108524090176975, 0.009291946251564882]",by_week,,-69.4652816867662,3,0.48846153846153845,508
1101,,1000,deterministic_game_cluster_bootstrap,16,562,,v4_candidate,-0.06752100059642924,"[-0.18248566653567258, 0.04038834777089782]",by_week,,-74.34062165666859,4,0.4895549500454133,539
986,,1000,deterministic_game_cluster_bootstrap,14,460,,v4_candidate,0.02273101654591784,"[-0.06752548546926439, 0.10241461556627726]",by_week,,22.41278231427499,5,0.5334685598377282,526
1013,,1000,deterministic_game_cluster_bootstrap,15,484,,v4_candidate,0.002452618395461994,"[-0.07564397375744139, 0.07288080954802856]",by_week,,2.484502434603,6,0.5222112537018756,529
953,,1000,deterministic_game_cluster_bootstrap,15,386,,v4_candidate,0.13270834074910876,"[0.009113457031455413, 0.2636872709327443]",by_week,,126.47104873390064,7,0.5949632738719832,567
826,,1000,deterministic_game_cluster_bootstrap,13,387,,v4_candidate,0.014312382298685165,"[-0.06813598056191428, 0.09654886602897782]",by_week,,11.822027778713947,8,0.5314769975786925,439
928,,1000,deterministic_game_cluster_bootstrap,14,453,,v4_candidate,-0.02110975429509211,"[-0.10717892951992122, 0.062862808891915]",by_week,,-19.589851985845478,9,0.5118534482758621,475
10241,,1000,deterministic_game_cluster_bootstrap,270,5080,,v4_candidate,-0.0359669035763279,"[-0.06832721388074808, -0.0029202109013813245]",by_side,OVER,-368.33705952517397,,0.5039546919246167,5161
6439,,1000,deterministic_game_cluster_bootstrap,271,3036,,v4_candidate,0.002038492480239377,"[-0.05036988477583818, 0.05511515187290187]",by_side,UNDER,13.125853080261349,,0.5284982140083864,3403
90,betmgm,1000,deterministic_game_cluster_bootstrap,84,46,passing_tds,v4_candidate,-0.012752932940215842,"[-0.21829284351497683, 0.20409023444517518]",by_market_bookmaker,,-1.1477639646194258,,0.4888888888888889,44
57,betonlineag,1000,deterministic_game_cluster_bootstrap,54,27,passing_tds,v4_candidate,0.08974675046521591,"[-0.19900619269910663, 0.3666846427896446]",by_market_bookmaker,,5.1155647765173065,,0.5263157894736842,30
54,betrivers,1000,deterministic_game_cluster_bootstrap,52,32,passing_tds,v4_candidate,-0.12947315800391374,"[-0.38950226267668053, 0.17454650068375108]",by_market_bookmaker,,-6.991550532211342,,0.4074074074074074,22
37,bovada,1000,deterministic_game_cluster_bootstrap,34,23,passing_tds,v4_candidate,-0.22273637273637276,"[-0.5219318181818182, 0.09660413660413661]",by_market_bookmaker,,-8.241245791245792,,0.3783783783783784,14
47,draftkings,1000,deterministic_game_cluster_bootstrap,46,28,passing_tds,v4_candidate,-0.13809968851928653,"[-0.42696478531954424, 0.18028582796068396]",by_market_bookmaker,,-6.490685360406467,,0.40425531914893614,19
41,fanatics,1000,deterministic_game_cluster_bootstrap,39,16,passing_tds,v4_candidate,0.05885706728760811,"[-0.21278069756330625, 0.3536090861166695]",by_market_bookmaker,,2.4131397587919325,,0.6097560975609756,25
76,fanduel,1000,deterministic_game_cluster_bootstrap,65,42,passing_tds,v4_candidate,-0.022578194358733882,"[-0.25770951249655766, 0.22473127902350212]",by_market_bookmaker,,-1.715942771263775,,0.4473684210526316,34
8,williamhill_us,1000,deterministic_game_cluster_bootstrap,8,3,passing_tds,v4_candidate,0.0210310729856377,"[-0.5787751285647499, 0.47738429172510516]",by_market_bookmaker,,0.1682485838851016,,0.625,5
273,betmgm,1000,deterministic_game_cluster_bootstrap,213,149,passing_yards,v4_candidate,-0.14793551984862272,"[-0.26547932595893786, -0.029242064129828788]",by_market_bookmaker,,-40.386396918674,,0.4542124542124542,124
248,betonlineag,1000,deterministic_game_cluster_bootstrap,188,123,passing_yards,v4_candidate,-0.04516279205229127,"[-0.17629802273138137, 0.07425178186053548]",by_market_bookmaker,,-11.200372428968235,,0.5040322580645161,125
262,betrivers,1000,deterministic_game_cluster_bootstrap,202,144,passing_yards,v4_candidate,-0.158178639103481,"[-0.27469614433096873, -0.04321468868459046]",by_market_bookmaker,,-41.44280344511203,,0.45038167938931295,118
249,bovada,1000,deterministic_game_cluster_bootstrap,190,136,passing_yards,v4_candidate,-0.12808523316341697,"[-0.25386871068320466, -0.0013997230070740886]",by_market_bookmaker,,-31.893223057690825,,0.4538152610441767,113
299,draftkings,1000,deterministic_game_cluster_bootstrap,219,157,passing_yards,v4_candidate,-0.1010580268948872,"[-0.2164294236692772, 0.00866316862474293]",by_market_bookmaker,,-30.216350041571275,,0.47491638795986624,142
199,fanatics,1000,deterministic_game_cluster_bootstrap,151,106,passing_yards,v4_candidate,-0.12193207709921715,"[-0.2416109542631282, 0.012106173167554236]",by_market_bookmaker,,-24.264483342744214,,0.46733668341708545,93
293,fanduel,1000,deterministic_game_cluster_bootstrap,217,157,passing_yards,v4_candidate,-0.12145812748367943,"[-0.22138586692261178, -0.011864406779660993]",by_market_bookmaker,,-35.58723135271807,,0.4641638225255973,136
197,williamhill_us,1000,deterministic_game_cluster_bootstrap,163,106,passing_yards,v4_candidate,-0.12372746505914958,"[-0.26562364958823526, 0.009615747520534117]",by_market_bookmaker,,-24.37431061665247,,0.4619289340101523,91
1608,betmgm,1000,deterministic_game_cluster_bootstrap,256,726,receiving_yards,v4_candidate,0.030740245868345388,"[-0.014763372050942553, 0.07679031203624267]",by_market_bookmaker,,49.43031535629938,,0.5485074626865671,882
854,betonlineag,1000,deterministic_game_cluster_bootstrap,255,412,receiving_yards,v4_candidate,-0.020972181019705702,"[-0.08534046954251884, 0.04887416268808089]",by_market_bookmaker,,-17.91024259082867,,0.5175644028103045,442
923,betrivers,1000,deterministic_game_cluster_bootstrap,263,447,receiving_yards,v4_candidate,-0.03571197486670704,"[-0.09555191502560953, 0.024924328215209908]",by_market_bookmaker,,-32.962152801970596,,0.5157096424702059,476
842,bovada,1000,deterministic_game_cluster_bootstrap,250,414,receiving_yards,v4_candidate,-0.03425649668679474,"[-0.09256458890488527, 0.02732804721829348]",by_market_bookmaker,,-28.843970210281174,,0.5083135391923991,428
1373,draftkings,1000,deterministic_game_cluster_bootstrap,268,655,receiving_yards,v4_candidate,-0.007129524782872524,"[-0.04795338826001155, 0.03889515629519737]",by_market_bookmaker,,-9.788837526883976,,0.5229424617625638,718
1178,fanatics,1000,deterministic_game_cluster_bootstrap,215,569,receiving_yards,v4_candidate,-0.0025495010053301894,"[-0.05841341824928923, 0.0502337376031246]",by_market_bookmaker,,-3.003312184278963,,0.5169779286926995,609
1271,fanduel,1000,deterministic_game_cluster_bootstrap,267,624,receiving_yards,v4_candidate,-0.03598471853299545,"[-0.08722362649729871, 0.020050864580293527]",by_market_bookmaker,,-45.73657725543722,,0.5090479937057435,647
560,williamhill_us,1000,deterministic_game_cluster_bootstrap,238,278,receiving_yards,v4_candidate,-0.042071719441982375,"[-0.11807497155878884, 0.031011539851433227]",by_market_bookmaker,,-23.56016288751013,,0.5035714285714286,282
849,betmgm,1000,deterministic_game_cluster_bootstrap,247,349,receptions,v4_candidate,0.10763660691895627,"[0.04870592795164027, 0.16601687963027031]",by_market_bookmaker,,91.38347927419387,,0.5889281507656066,500
268,betonlineag,1000,deterministic_game_cluster_bootstrap,163,128,receptions,v4_candidate,0.05291511071138225,"[-0.08528808755878187, 0.19681687803116604]",by_market_bookmaker,,14.181249670650445,,0.5223880597014925,140
245,betrivers,1000,deterministic_game_cluster_bootstrap,142,109,receptions,v4_candidate,0.05329261919908846,"[-0.052380156462323156, 0.17117301843156696]",by_market_bookmaker,,13.056691703776673,,0.5551020408163265,136
343,bovada,1000,deterministic_game_cluster_bootstrap,193,178,receptions,v4_candidate,-0.01354417152134318,"[-0.12588555770087007, 0.09774773095841376]",by_market_bookmaker,,-4.645650831820711,,0.48104956268221577,165
454,draftkings,1000,deterministic_game_cluster_bootstrap,224,232,receptions,v4_candidate,-0.06004045378730935,"[-0.1587477242947996, 0.031178698865425195]",by_market_bookmaker,,-27.258366019438444,,0.4889867841409692,222
377,fanatics,1000,deterministic_game_cluster_bootstrap,180,205,receptions,v4_candidate,-0.06421454976546481,"[-0.17375121277024572, 0.0481375387070381]",by_market_bookmaker,,-24.208885261580235,,0.4562334217506631,172
434,fanduel,1000,deterministic_game_cluster_bootstrap,211,215,receptions,v4_candidate,-0.035912777029670634,"[-0.12779682875441004, 0.05336271450838619]",by_market_bookmaker,,-15.586145230877056,,0.5046082949308756,219
109,williamhill_us,1000,deterministic_game_cluster_bootstrap,84,54,receptions,v4_candidate,-0.06376927402218083,"[-0.24400823649590692, 0.12080264718515908]",by_market_bookmaker,,-6.95085086841771,,0.5045871559633027,55
341,betmgm,1000,deterministic_game_cluster_bootstrap,197,148,rushing_attempts,v4_candidate,0.06145162632980142,"[-0.043866623222679264, 0.15874651665551057]",by_market_bookmaker,,20.955004578462283,,0.5659824046920822,193
52,betonlineag,1000,deterministic_game_cluster_bootstrap,49,19,rushing_attempts,v4_candidate,0.25093421917369224,"[-0.01790994246217195, 0.5081027319092171]",by_market_bookmaker,,13.048579397031997,,0.6346153846153846,33
33,betrivers,1000,deterministic_game_cluster_bootstrap,32,18,rushing_attempts,v4_candidate,-0.16931353537499694,"[-0.47370369210494767, 0.13581933435204346]",by_market_bookmaker,,-5.587346667374899,,0.45454545454545453,15
48,bovada,1000,deterministic_game_cluster_bootstrap,45,23,rushing_attempts,v4_candidate,0.03416898284537995,"[-0.2591554589556508, 0.3265350478555457]",by_market_bookmaker,,1.6401111765782375,,0.5208333333333334,25
86,draftkings,1000,deterministic_game_cluster_bootstrap,77,42,rushing_attempts,v4_candidate,-0.02816742737389165,"[-0.23622470765570552, 0.17628265086357664]",by_market_bookmaker,,-2.4223987541546816,,0.5116279069767442,44
62,fanatics,1000,deterministic_game_cluster_bootstrap,52,29,rushing_attempts,v4_candidate,0.03777999539110919,"[-0.21749851597677686, 0.2827371520968271]",by_market_bookmaker,,2.34235971424877,,0.532258064516129,33
42,fanduel,1000,deterministic_game_cluster_bootstrap,41,17,rushing_attempts,v4_candidate,0.1253522394115956,"[-0.14624328963801717, 0.39893155509941425]",by_market_bookmaker,,5.264794055287015,,0.5952380952380952,25
382,betmgm,1000,deterministic_game_cluster_bootstrap,215,178,rushing_yards,v4_candidate,0.014504082370353324,"[-0.07286433101508852, 0.10568852765411904]",by_market_bookmaker,,5.54055946547497,,0.5340314136125655,204
166,betonlineag,1000,deterministic_game_cluster_bootstrap,132,87,rushing_yards,v4_candidate,-0.08850280648007271,"[-0.24357469320356373, 0.07754913719750363]",by_market_bookmaker,,-14.691465875692069,,0.4759036144578313,79
229,betrivers,1000,deterministic_game_cluster_bootstrap,168,111,rushing_yards,v4_candidate,-0.03444039828610224,"[-0.15090731367042037, 0.08641059878114223]",by_market_bookmaker,,-7.886851207517414,,0.5152838427947598,118
180,bovada,1000,deterministic_game_cluster_bootstrap,139,91,rushing_yards,v4_candidate,-0.05997017173574857,"[-0.19475985725525813, 0.08870638133756574]",by_market_bookmaker,,-10.794630912434743,,0.49444444444444446,89
313,draftkings,1000,deterministic_game_cluster_bootstrap,205,154,rushing_yards,v4_candidate,-0.033439668214610065,"[-0.13602549116500615, 0.07779308743501738]",by_market_bookmaker,,-10.46661615117295,,0.5079872204472844,159
247,fanatics,1000,deterministic_game_cluster_bootstrap,163,120,rushing_yards,v4_candidate,-0.03209086625851613,"[-0.15199808714137136, 0.08969945380673373]",by_market_bookmaker,,-7.926443965853483,,0.5141700404858299,127
285,fanduel,1000,deterministic_game_cluster_bootstrap,188,139,rushing_yards,v4_candidate,-0.02447176148187165,"[-0.12893353907152358, 0.07954863108917604]",by_market_bookmaker,,-6.97445202233342,,0.512280701754386,146
96,williamhill_us,1000,deterministic_game_cluster_bootstrap,83,50,rushing_yards,v4_candidate,-0.08951651152473056,"[-0.30070940572617477, 0.1319786855043025]",by_market_bookmaker,,-8.593585106374134,,0.4791666666666667,46
