feature,importance,importance_stddev,market,test_rows,test_week,train_rows
history_games,-1.7713429639218277,1.6422556361940526,passing_yards,25,9,179
rolling_mean_3,0.1471181763579267,0.3467357599809788,passing_yards,25,9,179
rolling_mean_5,-0.027245119176549794,1.0330535146407411,passing_yards,25,9,179
rolling_mean_all,-0.870287263810971,0.8616440151310245,passing_yards,25,9,179
rolling_std_5,0.5072396578798759,1.431533524918254,passing_yards,25,9,179
rolling_std_all,0.1285749705470863,0.47706157169860447,passing_yards,25,9,179
last_value,-0.7790662780336532,1.6653682525587055,passing_yards,25,9,179
recent_form_delta,1.547918533870981,0.43929206062049797,passing_yards,25,9,179
zero_rate,-0.09702176287785562,0.19404352575571124,passing_yards,25,9,179
usage_mean_3,0.5959922968249429,2.058295792237784,passing_yards,25,9,179
usage_mean_all,-0.46718044401083886,2.3626307610583672,passing_yards,25,9,179
team_market_mean_5,-0.866133552182913,1.7227462536986096,passing_yards,25,9,179
opponent_allowed_mean_5,1.1604818604300022,0.5546761953945657,passing_yards,25,9,179
team_plays_mean_5,-1.2367421885044707,0.8677644892091213,passing_yards,25,9,179
qb_strength_mean_5,-0.21260972632240396,0.23999606031837734,passing_yards,25,9,179
home,1.3804243068209643,1.228497266188451,passing_yards,25,9,179
season_week,0.0,0.0,passing_yards,25,9,179
game_total,0.0,0.0,passing_yards,25,9,179
team_spread,0.0,0.0,passing_yards,25,9,179
implied_team_total,0.0,0.0,passing_yards,25,9,179
history_games,0.8057114939401074,1.281788249103156,passing_yards,28,11,236
rolling_mean_3,0.3987981248513293,0.3056912020025596,passing_yards,28,11,236
rolling_mean_5,0.2613685719021362,1.538515523983095,passing_yards,28,11,236
rolling_mean_all,0.7034607170976855,0.8382142115784699,passing_yards,28,11,236
rolling_std_5,1.1081672715470177,0.5931177549154965,passing_yards,28,11,236
rolling_std_all,1.847632781775286,0.486471934339562,passing_yards,28,11,236
last_value,-0.007296473961368122,1.7776965340100288,passing_yards,28,11,236
recent_form_delta,1.3298884672125353,0.6340685231120632,passing_yards,28,11,236
zero_rate,-0.2648152622438943,0.32434301764931545,passing_yards,28,11,236
usage_mean_3,-0.7368537280915148,1.2768636577043355,passing_yards,28,11,236
usage_mean_all,0.9488432127468386,1.4601080747215984,passing_yards,28,11,236
team_market_mean_5,0.7877846848354679,1.4691420100963954,passing_yards,28,11,236
opponent_allowed_mean_5,2.6437974862094107,1.5537213743943652,passing_yards,28,11,236
team_plays_mean_5,-0.48645165558831704,0.5629880783019625,passing_yards,28,11,236
qb_strength_mean_5,-0.24119327425194825,0.3128270546891554,passing_yards,28,11,236
home,4.7124838725826095,0.49465506211649135,passing_yards,28,11,236
season_week,0.0,0.0,passing_yards,28,11,236
game_total,0.0,0.0,passing_yards,28,11,236
team_spread,0.0,0.0,passing_yards,28,11,236
implied_team_total,0.0,0.0,passing_yards,28,11,236
history_games,0.5577172709494349,1.3687484842716262,passing_yards,30,13,297
rolling_mean_3,0.7256617199221296,0.3851542704645221,passing_yards,30,13,297
rolling_mean_5,-0.8836930169273728,1.147900991285392,passing_yards,30,13,297
rolling_mean_all,0.48926007186889536,2.050120364206135,passing_yards,30,13,297
rolling_std_5,-0.8994996475976308,0.47651807334969615,passing_yards,30,13,297
rolling_std_all,-1.5744211887513828,1.043845240506137,passing_yards,30,13,297
last_value,1.2936735260669352,2.56463949767725,passing_yards,30,13,297
recent_form_delta,-0.1858979813605842,0.8876833409626583,passing_yards,30,13,297
zero_rate,-0.4248739416214491,1.1599880381876992,passing_yards,30,13,297
usage_mean_3,1.7413555078021645,1.4570077624053368,passing_yards,30,13,297
usage_mean_all,3.0442352889464614,1.9686183250253069,passing_yards,30,13,297
team_market_mean_5,0.7553236127272271,0.4869939060765972,passing_yards,30,13,297
opponent_allowed_mean_5,0.5987261968585031,2.5578404090084685,passing_yards,30,13,297
team_plays_mean_5,-0.7775598480074294,0.7053518964684892,passing_yards,30,13,297
qb_strength_mean_5,-0.008790809669797284,0.23924271266829156,passing_yards,30,13,297
home,-0.2090884626738756,1.0858701045234005,passing_yards,30,13,297
season_week,0.0,0.0,passing_yards,30,13,297
game_total,0.0,0.0,passing_yards,30,13,297
team_spread,0.0,0.0,passing_yards,30,13,297
implied_team_total,0.0,0.0,passing_yards,30,13,297
history_games,0.48615297749157804,0.4169500801625424,passing_yards,35,15,357
rolling_mean_3,2.41236472990622,0.6485536515369847,passing_yards,35,15,357
rolling_mean_5,0.7154337814044623,0.48763902592089015,passing_yards,35,15,357
rolling_mean_all,1.944646442388212,1.3487623119003156,passing_yards,35,15,357
rolling_std_5,-0.09993490683256852,0.5967737475413776,passing_yards,35,15,357
rolling_std_all,2.1293898504550057,0.7320895181552337,passing_yards,35,15,357
last_value,3.9349442613135492,2.107218463484112,passing_yards,35,15,357
recent_form_delta,-1.256470712646923,0.7631357276953076,passing_yards,35,15,357
zero_rate,0.025866485786723105,0.38731463626525686,passing_yards,35,15,357
usage_mean_3,8.675488505237327,2.31267733965585,passing_yards,35,15,357
usage_mean_all,3.756209208255129,1.4893841232648348,passing_yards,35,15,357
team_market_mean_5,0.9565601331568615,1.1623947936665926,passing_yards,35,15,357
opponent_allowed_mean_5,0.724355277507992,1.6521693257374253,passing_yards,35,15,357
team_plays_mean_5,0.38112720522954363,0.3999684800110505,passing_yards,35,15,357
qb_strength_mean_5,0.10782256927368791,0.26379380880728526,passing_yards,35,15,357
home,1.8944005643256774,0.6373205810263902,passing_yards,35,15,357
season_week,0.0,0.0,passing_yards,35,15,357
game_total,0.0,0.0,passing_yards,35,15,357
team_spread,0.0,0.0,passing_yards,35,15,357
implied_team_total,0.0,0.0,passing_yards,35,15,357
history_games,0.2243243178243887,1.0511771941071326,passing_yards,37,17,428
rolling_mean_3,0.09913688121653194,0.5002749826757436,passing_yards,37,17,428
rolling_mean_5,1.010770744590775,1.98389473971456,passing_yards,37,17,428
rolling_mean_all,2.6581055346110958,3.007228456458109,passing_yards,37,17,428
rolling_std_5,0.2647385776916735,0.8567188217327563,passing_yards,37,17,428
rolling_std_all,1.4744026106389612,0.8316496717460548,passing_yards,37,17,428
last_value,4.9103235901667235,3.339447988209678,passing_yards,37,17,428
recent_form_delta,-0.6082859466942466,1.2985649132158383,passing_yards,37,17,428
zero_rate,-0.7216335820197429,0.44068568678216424,passing_yards,37,17,428
usage_mean_3,5.395283882656488,3.343976347667572,passing_yards,37,17,428
usage_mean_all,1.2814533443516865,0.7055610256755356,passing_yards,37,17,428
team_market_mean_5,-0.6058457509953428,0.7642887713275553,passing_yards,37,17,428
opponent_allowed_mean_5,-3.0392946368837044,1.5423783512806424,passing_yards,37,17,428
team_plays_mean_5,-2.00853509239939,0.8126678788424342,passing_yards,37,17,428
qb_strength_mean_5,0.006043511432238802,0.08607811625400931,passing_yards,37,17,428
home,0.7244932334759596,0.4311450020923531,passing_yards,37,17,428
season_week,0.0,0.0,passing_yards,37,17,428
game_total,0.0,0.0,passing_yards,37,17,428
team_spread,0.0,0.0,passing_yards,37,17,428
implied_team_total,0.0,0.0,passing_yards,37,17,428
history_games,0.16765421101207778,0.28459224618411916,passing_yards,32,18,465
rolling_mean_3,-0.08317238624501613,0.35591314766891063,passing_yards,32,18,465
rolling_mean_5,0.3011707258011228,1.2489798538497119,passing_yards,32,18,465
rolling_mean_all,1.5012380426224354,1.4020132221056558,passing_yards,32,18,465
rolling_std_5,0.005446668624909989,0.4042114522029732,passing_yards,32,18,465
rolling_std_all,-0.2476615469787248,0.908418324826305,passing_yards,32,18,465
last_value,-1.9523497100897031,1.9199446541320793,passing_yards,32,18,465
recent_form_delta,0.18621306943054208,0.9280436812800136,passing_yards,32,18,465
zero_rate,0.119057115652447,0.1902270826964714,passing_yards,32,18,465
usage_mean_3,0.15006830971887553,2.0506116989586363,passing_yards,32,18,465
usage_mean_all,-0.9368336097313857,0.6926965734067773,passing_yards,32,18,465
team_market_mean_5,0.650535695496879,0.8770684506090132,passing_yards,32,18,465
opponent_allowed_mean_5,1.46939283774756,1.1143160436320083,passing_yards,32,18,465
team_plays_mean_5,0.9468069411977268,0.7158236075868343,passing_yards,32,18,465
qb_strength_mean_5,-0.02379500026379162,0.1465268087261191,passing_yards,32,18,465
home,0.8473249142585217,1.7901451210959505,passing_yards,32,18,465
season_week,0.0,0.0,passing_yards,32,18,465
game_total,0.0,0.0,passing_yards,32,18,465
team_spread,0.0,0.0,passing_yards,32,18,465
implied_team_total,0.0,0.0,passing_yards,32,18,465
history_games,0.0062034264144973815,0.022935387409812154,passing_tds,25,9,179
rolling_mean_3,0.022217093593605065,0.006950398579072355,passing_tds,25,9,179
rolling_mean_5,0.005902716119641105,0.004957603783466375,passing_tds,25,9,179
rolling_mean_all,-0.002633067912467446,0.005253892194182254,passing_tds,25,9,179
rolling_std_5,-0.002418379269601956,0.011617474667294734,passing_tds,25,9,179
rolling_std_all,0.02151748964998732,0.011052213353524553,passing_tds,25,9,179
last_value,-0.03420866252141308,0.011482805671007111,passing_tds,25,9,179
recent_form_delta,-0.006554040295171903,0.014673212492939207,passing_tds,25,9,179
zero_rate,0.006971050512548515,0.009874654420812054,passing_tds,25,9,179
usage_mean_3,0.032406193226611736,0.017102378016565205,passing_tds,25,9,179
usage_mean_all,0.015694779900949096,0.009747189187649982,passing_tds,25,9,179
team_market_mean_5,0.008671989865968132,0.004523542327431515,passing_tds,25,9,179
opponent_allowed_mean_5,-0.013619750494715666,0.020485600015918808,passing_tds,25,9,179
team_plays_mean_5,0.015318923080448622,0.015660852388899818,passing_tds,25,9,179
qb_strength_mean_5,0.05803458178699925,0.04557433900710574,passing_tds,25,9,179
home,-0.004267712796857448,0.028153603673347852,passing_tds,25,9,179
season_week,0.0,0.0,passing_tds,25,9,179
game_total,0.0,0.0,passing_tds,25,9,179
team_spread,0.0,0.0,passing_tds,25,9,179
implied_team_total,0.0,0.0,passing_tds,25,9,179
history_games,0.005152504947066205,0.00725369230434251,passing_tds,28,11,236
rolling_mean_3,0.013210202463994514,0.008172558740544546,passing_tds,28,11,236
rolling_mean_5,0.0037345223290087713,0.003908129526998079,passing_tds,28,11,236
rolling_mean_all,-8.855069755560052e-05,0.020277875063006906,passing_tds,28,11,236
rolling_std_5,0.006376732849703104,0.009177873875821824,passing_tds,28,11,236
rolling_std_all,0.027740864043575342,0.013183890949617257,passing_tds,28,11,236
last_value,-0.0022115395954585893,0.011847047914496688,passing_tds,28,11,236
recent_form_delta,0.026748975982868163,0.016524514798134077,passing_tds,28,11,236
zero_rate,0.014803026923490514,0.01392884516780888,passing_tds,28,11,236
usage_mean_3,-0.008868244529945146,0.006856387663415554,passing_tds,28,11,236
usage_mean_all,-0.0006613644002086749,0.011187242939735024,passing_tds,28,11,236
team_market_mean_5,0.0046522990146431464,0.01772530696271378,passing_tds,28,11,236
opponent_allowed_mean_5,0.018383634175349474,0.010622371826515058,passing_tds,28,11,236
team_plays_mean_5,0.013956027643957758,0.018638686317306634,passing_tds,28,11,236
qb_strength_mean_5,-0.018692638964081375,0.029718254415179675,passing_tds,28,11,236
home,0.003065601322665379,0.033382412857749746,passing_tds,28,11,236
season_week,0.0,0.0,passing_tds,28,11,236
game_total,0.0,0.0,passing_tds,28,11,236
team_spread,0.0,0.0,passing_tds,28,11,236
implied_team_total,0.0,0.0,passing_tds,28,11,236
history_games,0.004810220828811817,0.007356117976663672,passing_tds,30,13,297
rolling_mean_3,0.012773379194069512,0.0054027624105371045,passing_tds,30,13,297
rolling_mean_5,0.01582762652442804,0.0026337224480442764,passing_tds,30,13,297
rolling_mean_all,0.007874419193754978,0.009568802827887095,passing_tds,30,13,297
rolling_std_5,0.008820538652309917,0.009007541578495253,passing_tds,30,13,297
rolling_std_all,-0.00759260041465859,0.009488620594468686,passing_tds,30,13,297
last_value,-0.00947296635792203,0.003982530280886043,passing_tds,30,13,297
recent_form_delta,-0.0024915152075425605,0.01192004558053069,passing_tds,30,13,297
zero_rate,0.08176424146822851,0.01929144210225283,passing_tds,30,13,297
usage_mean_3,0.01578886125323533,0.004002179687970788,passing_tds,30,13,297
usage_mean_all,0.00598134103648551,0.021745375912182712,passing_tds,30,13,297
team_market_mean_5,0.0012677271219843967,0.006921802886050789,passing_tds,30,13,297
opponent_allowed_mean_5,-0.012632264173517704,0.005848712722425323,passing_tds,30,13,297
team_plays_mean_5,-0.014399742037731245,0.008562506813436331,passing_tds,30,13,297
qb_strength_mean_5,0.014380474132460176,0.01649788723748151,passing_tds,30,13,297
home,-0.02934043543286229,0.019839532959038553,passing_tds,30,13,297
season_week,0.0,0.0,passing_tds,30,13,297
game_total,0.0,0.0,passing_tds,30,13,297
team_spread,0.0,0.0,passing_tds,30,13,297
implied_team_total,0.0,0.0,passing_tds,30,13,297
history_games,0.004669827651815228,0.0025051252390425865,passing_tds,35,15,357
rolling_mean_3,0.002547098125755953,0.0012557844482544867,passing_tds,35,15,357
rolling_mean_5,0.01790667201187728,0.0025632365560935774,passing_tds,35,15,357
rolling_mean_all,0.007573293927638702,0.0067304306965007546,passing_tds,35,15,357
rolling_std_5,0.012115424589542956,0.005131781258928048,passing_tds,35,15,357
rolling_std_all,0.0006942046297343963,0.007404831172213717,passing_tds,35,15,357
last_value,-0.003991652278387603,0.003407008465016829,passing_tds,35,15,357
recent_form_delta,-0.004167813194068648,0.005840133314861564,passing_tds,35,15,357
zero_rate,0.040697415572816364,0.01193828490188873,passing_tds,35,15,357
usage_mean_3,0.05098412844109927,0.011277973533157641,passing_tds,35,15,357
usage_mean_all,0.023610476743653908,0.0068505980127377564,passing_tds,35,15,357
team_market_mean_5,0.002371800714233019,0.00859361242878471,passing_tds,35,15,357
opponent_allowed_mean_5,0.013311369005214258,0.006875127429266151,passing_tds,35,15,357
team_plays_mean_5,0.02622744403574162,0.008863817892278903,passing_tds,35,15,357
qb_strength_mean_5,0.0015596730721655794,0.018539994951049552,passing_tds,35,15,357
home,0.025638920572773817,0.013531988091296491,passing_tds,35,15,357
season_week,0.0,0.0,passing_tds,35,15,357
game_total,0.0,0.0,passing_tds,35,15,357
team_spread,0.0,0.0,passing_tds,35,15,357
implied_team_total,0.0,0.0,passing_tds,35,15,357
history_games,0.034492959882311915,0.007372202689452861,passing_tds,37,17,428
rolling_mean_3,0.014611279521383391,0.006743656119367145,passing_tds,37,17,428
rolling_mean_5,0.02802129568020304,0.01072091847861323,passing_tds,37,17,428
rolling_mean_all,-0.00038028929572677674,0.004550171820003611,passing_tds,37,17,428
rolling_std_5,-0.005893850897876573,0.004508024977615563,passing_tds,37,17,428
rolling_std_all,0.013625559843733837,0.005313069424592707,passing_tds,37,17,428
last_value,-0.005438347462952064,0.0033267583517782415,passing_tds,37,17,428
recent_form_delta,0.011946959297315485,0.009160167976607887,passing_tds,37,17,428
zero_rate,0.06386144974880445,0.028340910912975085,passing_tds,37,17,428
usage_mean_3,0.041977164471414107,0.0117882725154726,passing_tds,37,17,428
usage_mean_all,0.018928590632593178,0.005404201745265042,passing_tds,37,17,428
team_market_mean_5,-0.0054985852927371456,0.0013524747785174749,passing_tds,37,17,428
opponent_allowed_mean_5,0.02153297083410366,0.009684425200202395,passing_tds,37,17,428
team_plays_mean_5,-0.0011074717800577006,0.014307351643154479,passing_tds,37,17,428
qb_strength_mean_5,0.012188806089065585,0.010508376612681506,passing_tds,37,17,428
home,0.026554891979425732,0.012930932705751252,passing_tds,37,17,428
season_week,0.0,0.0,passing_tds,37,17,428
game_total,0.0,0.0,passing_tds,37,17,428
team_spread,0.0,0.0,passing_tds,37,17,428
implied_team_total,0.0,0.0,passing_tds,37,17,428
history_games,0.0020834985854065514,0.014352804716604356,passing_tds,32,18,465
rolling_mean_3,-0.0005215971137680242,0.0028300305011684877,passing_tds,32,18,465
rolling_mean_5,0.036569855935806236,0.013325187976488974,passing_tds,32,18,465
rolling_mean_all,-0.004297253601067075,0.006591532154789979,passing_tds,32,18,465
rolling_std_5,-0.012709636939614999,0.015428506158291975,passing_tds,32,18,465
rolling_std_all,-0.011819125885058911,0.0037840950741997092,passing_tds,32,18,465
last_value,-0.0072131113765775854,0.0049377070999415225,passing_tds,32,18,465
recent_form_delta,0.012722152630596461,0.007056333494281673,passing_tds,32,18,465
zero_rate,0.04867411347407948,0.02939753399564462,passing_tds,32,18,465
usage_mean_3,-0.007424065415554959,0.004467482164079549,passing_tds,32,18,465
usage_mean_all,0.006246746927749625,0.008158205376528815,passing_tds,32,18,465
team_market_mean_5,-0.005478485967520897,0.00750065645532496,passing_tds,32,18,465
opponent_allowed_mean_5,-0.008378245603618838,0.009448254837555188,passing_tds,32,18,465
team_plays_mean_5,0.004573777377177501,0.010945226591675438,passing_tds,32,18,465
qb_strength_mean_5,0.006916362694640377,0.005665767069517187,passing_tds,32,18,465
home,-0.006951824080838697,0.004109168942712357,passing_tds,32,18,465
season_week,0.0,0.0,passing_tds,32,18,465
game_total,0.0,0.0,passing_tds,32,18,465
team_spread,0.0,0.0,passing_tds,32,18,465
implied_team_total,0.0,0.0,passing_tds,32,18,465
history_games,-0.0261956150247304,0.005998959006262333,rushing_attempts,95,9,571
rolling_mean_3,0.030144427806081796,0.04167382150106412,rushing_attempts,95,9,571
rolling_mean_5,0.004580450391321644,0.018036822246165853,rushing_attempts,95,9,571
rolling_mean_all,0.05881543768366422,0.029702199952500438,rushing_attempts,95,9,571
rolling_std_5,0.02552661816331625,0.018817180247248013,rushing_attempts,95,9,571
rolling_std_all,0.05548638506726622,0.03538295357833506,rushing_attempts,95,9,571
last_value,0.0630260670392376,0.022240027510072594,rushing_attempts,95,9,571
recent_form_delta,0.04184159337741296,0.0160380373576588,rushing_attempts,95,9,571
zero_rate,0.0,0.0,rushing_attempts,95,9,571
usage_mean_3,0.7649977289972206,0.20704121771169556,rushing_attempts,95,9,571
usage_mean_all,0.2892160543108049,0.1057852307673561,rushing_attempts,95,9,571
team_market_mean_5,0.0012869078904924613,0.012922602271064006,rushing_attempts,95,9,571
opponent_allowed_mean_5,0.034986142746692026,0.049471432227470524,rushing_attempts,95,9,571
team_plays_mean_5,0.00914145329130216,0.031434166605397426,rushing_attempts,95,9,571
qb_strength_mean_5,-0.027147720603096826,0.015701392851162618,rushing_attempts,95,9,571
home,0.005209135291202749,0.011158886673355652,rushing_attempts,95,9,571
season_week,0.0,0.0,rushing_attempts,95,9,571
game_total,0.0,0.0,rushing_attempts,95,9,571
team_spread,0.0,0.0,rushing_attempts,95,9,571
implied_team_total,0.0,0.0,rushing_attempts,95,9,571
history_games,0.016237489272051864,0.00828545872751243,rushing_attempts,106,11,767
rolling_mean_3,0.07615596767817738,0.015013000707200878,rushing_attempts,106,11,767
rolling_mean_5,0.0758402867250946,0.008735530946997055,rushing_attempts,106,11,767
rolling_mean_all,0.10668652411257282,0.019684109663566502,rushing_attempts,106,11,767
rolling_std_5,0.012498843321316233,0.010392905719359006,rushing_attempts,106,11,767
rolling_std_all,0.02703173210970311,0.022786323242036503,rushing_attempts,106,11,767
last_value,0.1367470018239934,0.031125755692848273,rushing_attempts,106,11,767
recent_form_delta,0.03854630170039286,0.024181497087828224,rushing_attempts,106,11,767
zero_rate,-0.000272534445002659,0.0003337851637949223,rushing_attempts,106,11,767
usage_mean_3,1.450773286645417,0.25795767267951475,rushing_attempts,106,11,767
usage_mean_all,0.37346548205118113,0.03861904484715253,rushing_attempts,106,11,767
team_market_mean_5,0.0118221651318966,0.01501238597509779,rushing_attempts,106,11,767
opponent_allowed_mean_5,0.039036612481767555,0.02271922490432221,rushing_attempts,106,11,767
team_plays_mean_5,0.015678599407786376,0.010697023158547531,rushing_attempts,106,11,767
qb_strength_mean_5,0.0007575588849281445,0.02605889969945536,rushing_attempts,106,11,767
home,0.018233653195127885,0.0084117817341214,rushing_attempts,106,11,767
season_week,0.0,0.0,rushing_attempts,106,11,767
game_total,0.0,0.0,rushing_attempts,106,11,767
team_spread,0.0,0.0,rushing_attempts,106,11,767
implied_team_total,0.0,0.0,rushing_attempts,106,11,767
history_games,0.01036766697736482,0.005040735852585433,rushing_attempts,96,13,993
rolling_mean_3,0.07614625205760853,0.025658140882769177,rushing_attempts,96,13,993
rolling_mean_5,0.0657136133294995,0.029763134718934693,rushing_attempts,96,13,993
rolling_mean_all,0.09091220884933363,0.03289267713780598,rushing_attempts,96,13,993
rolling_std_5,0.010956589682384088,0.014739061799868731,rushing_attempts,96,13,993
rolling_std_all,-0.023761473303330848,0.00742414488304135,rushing_attempts,96,13,993
last_value,0.08658418232887186,0.012227918903526775,rushing_attempts,96,13,993
recent_form_delta,0.07403693718634363,0.017086853797566425,rushing_attempts,96,13,993
zero_rate,0.0003361095021737981,0.0006722190043475962,rushing_attempts,96,13,993
usage_mean_3,1.450385310240307,0.06943029952336345,rushing_attempts,96,13,993
usage_mean_all,0.4810888977602832,0.07150416902862357,rushing_attempts,96,13,993
team_market_mean_5,-0.0019959197035252173,0.016491031735800854,rushing_attempts,96,13,993
opponent_allowed_mean_5,0.04727810712697265,0.03223940478486039,rushing_attempts,96,13,993
team_plays_mean_5,0.04963458556481211,0.007401037133774054,rushing_attempts,96,13,993
qb_strength_mean_5,0.024481533693767866,0.02190560539310089,rushing_attempts,96,13,993
home,0.006494356037006099,0.003750285777077234,rushing_attempts,96,13,993
season_week,0.0,0.0,rushing_attempts,96,13,993
game_total,0.0,0.0,rushing_attempts,96,13,993
team_spread,0.0,0.0,rushing_attempts,96,13,993
implied_team_total,0.0,0.0,rushing_attempts,96,13,993
history_games,-0.0036194233979907507,0.010720529633729851,rushing_attempts,116,15,1194
rolling_mean_3,0.042510630687963055,0.017070635481233946,rushing_attempts,116,15,1194
rolling_mean_5,0.13736942085526999,0.033518541401796706,rushing_attempts,116,15,1194
rolling_mean_all,0.016407548434555254,0.013915810831034336,rushing_attempts,116,15,1194
rolling_std_5,-0.00957809832514247,0.008899269915477338,rushing_attempts,116,15,1194
rolling_std_all,0.018285319877725838,0.017876344076388558,rushing_attempts,116,15,1194
last_value,0.09295738374421916,0.04151452143684202,rushing_attempts,116,15,1194
recent_form_delta,0.014418631287920026,0.010900925316919791,rushing_attempts,116,15,1194
zero_rate,0.0,0.0,rushing_attempts,116,15,1194
usage_mean_3,0.912859284419083,0.1703148846766895,rushing_attempts,116,15,1194
usage_mean_all,0.3026675882932083,0.04625340010152841,rushing_attempts,116,15,1194
team_market_mean_5,0.014931943707084106,0.013420945427481392,rushing_attempts,116,15,1194
opponent_allowed_mean_5,0.10447033058756672,0.033124111570423054,rushing_attempts,116,15,1194
team_plays_mean_5,-0.010607302695305876,0.017328008012125525,rushing_attempts,116,15,1194
qb_strength_mean_5,0.00652112719136051,0.011558983305124632,rushing_attempts,116,15,1194
home,-0.0008232897986547805,0.010663926883797201,rushing_attempts,116,15,1194
season_week,0.0,0.0,rushing_attempts,116,15,1194
game_total,0.0,0.0,rushing_attempts,116,15,1194
team_spread,0.0,0.0,rushing_attempts,116,15,1194
implied_team_total,0.0,0.0,rushing_attempts,116,15,1194
history_games,0.0281054426920714,0.011187562813743333,rushing_attempts,123,17,1433
rolling_mean_3,0.03562463319049147,0.010652642052688413,rushing_attempts,123,17,1433
rolling_mean_5,0.1500740292540061,0.03391428727081568,rushing_attempts,123,17,1433
rolling_mean_all,0.1292482104347159,0.025764534042169003,rushing_attempts,123,17,1433
rolling_std_5,0.026780925254768384,0.01656430185722078,rushing_attempts,123,17,1433
rolling_std_all,-0.002703714376231847,0.006606984025607884,rushing_attempts,123,17,1433
last_value,0.25809136079783607,0.07047604480753544,rushing_attempts,123,17,1433
recent_form_delta,0.0008693234203916766,0.011011650456686757,rushing_attempts,123,17,1433
zero_rate,-0.0017285043704737824,0.0014113179086104749,rushing_attempts,123,17,1433
usage_mean_3,0.8370939889989272,0.1132677174499525,rushing_attempts,123,17,1433
usage_mean_all,0.4922709275018239,0.08227821244606337,rushing_attempts,123,17,1433
team_market_mean_5,-0.005349123777664122,0.007631616646779156,rushing_attempts,123,17,1433
opponent_allowed_mean_5,-0.024034080549221314,0.018174801366752303,rushing_attempts,123,17,1433
team_plays_mean_5,0.011669314063243253,0.011546935370594152,rushing_attempts,123,17,1433
qb_strength_mean_5,0.011512074217000822,0.011089698820250031,rushing_attempts,123,17,1433
home,-0.003127735236397111,0.004425689454680001,rushing_attempts,123,17,1433
season_week,0.0,0.0,rushing_attempts,123,17,1433
game_total,0.0,0.0,rushing_attempts,123,17,1433
team_spread,0.0,0.0,rushing_attempts,123,17,1433
implied_team_total,0.0,0.0,rushing_attempts,123,17,1433
history_games,-0.00034057045935771414,0.018433614578613703,rushing_attempts,112,18,1556
rolling_mean_3,0.08021471786582071,0.018875381209543823,rushing_attempts,112,18,1556
rolling_mean_5,0.2931056243924212,0.05386231000242023,rushing_attempts,112,18,1556
rolling_mean_all,0.1063133628030906,0.028094937554145848,rushing_attempts,112,18,1556
rolling_std_5,0.06254963751498321,0.012227884771999813,rushing_attempts,112,18,1556
rolling_std_all,0.043151128786109896,0.01772090574502037,rushing_attempts,112,18,1556
last_value,0.2668370692440572,0.07123164724725997,rushing_attempts,112,18,1556
recent_form_delta,-0.0023477283056542396,0.01516700353723636,rushing_attempts,112,18,1556
zero_rate,0.0,0.0,rushing_attempts,112,18,1556
usage_mean_3,0.9718612022006468,0.14964103038124887,rushing_attempts,112,18,1556
usage_mean_all,0.4324890319429727,0.06295364318114725,rushing_attempts,112,18,1556
team_market_mean_5,0.022580084288764724,0.008046343836100986,rushing_attempts,112,18,1556
opponent_allowed_mean_5,0.014577493604539794,0.06254257697499854,rushing_attempts,112,18,1556
team_plays_mean_5,0.003003583440890445,0.02235463945064539,rushing_attempts,112,18,1556
qb_strength_mean_5,0.012183580289837615,0.014722070211269716,rushing_attempts,112,18,1556
home,0.004698189141929543,0.0035016816641554966,rushing_attempts,112,18,1556
season_week,0.0,0.0,rushing_attempts,112,18,1556
game_total,0.0,0.0,rushing_attempts,112,18,1556
team_spread,0.0,0.0,rushing_attempts,112,18,1556
implied_team_total,0.0,0.0,rushing_attempts,112,18,1556
history_games,-0.2188997099784075,0.06230071531466965,rushing_yards,95,9,571
rolling_mean_3,0.5745868707435523,0.16512513330603504,rushing_yards,95,9,571
rolling_mean_5,0.04751259581664265,0.06855208229529769,rushing_yards,95,9,571
rolling_mean_all,0.9065659412344995,0.21866054849322392,rushing_yards,95,9,571
rolling_std_5,0.12597403499103627,0.04250051231728582,rushing_yards,95,9,571
rolling_std_all,0.6726267933197189,0.21984252959159634,rushing_yards,95,9,571
last_value,0.2662950632660678,0.3718271283179673,rushing_yards,95,9,571
recent_form_delta,0.028090895585278018,0.020871979874507392,rushing_yards,95,9,571
zero_rate,-0.010759178355843701,0.0072181293569988855,rushing_yards,95,9,571
usage_mean_3,1.9803959600499899,0.5680770204968226,rushing_yards,95,9,571
usage_mean_all,0.73646360999352,0.2650015540532558,rushing_yards,95,9,571
team_market_mean_5,-0.06453445329204435,0.08590323257074617,rushing_yards,95,9,571
opponent_allowed_mean_5,0.05045479829512765,0.23158194866146972,rushing_yards,95,9,571
team_plays_mean_5,0.06935403703766099,0.09904514551706582,rushing_yards,95,9,571
qb_strength_mean_5,-0.03259320222435278,0.0649997863794927,rushing_yards,95,9,571
home,0.11311197066451761,0.08301056854011998,rushing_yards,95,9,571
season_week,0.0,0.0,rushing_yards,95,9,571
game_total,0.0,0.0,rushing_yards,95,9,571
team_spread,0.0,0.0,rushing_yards,95,9,571
implied_team_total,0.0,0.0,rushing_yards,95,9,571
history_games,0.011668343846076113,0.08356244807543871,rushing_yards,106,11,767
rolling_mean_3,0.2458486065551014,0.18275996764162974,rushing_yards,106,11,767
rolling_mean_5,0.3345389539168863,0.230252319436741,rushing_yards,106,11,767
rolling_mean_all,0.7298768552270118,0.42137147107214973,rushing_yards,106,11,767
rolling_std_5,0.1559750710026691,0.09928801721650955,rushing_yards,106,11,767
rolling_std_all,0.029374041835080078,0.29764785516194686,rushing_yards,106,11,767
last_value,0.305408953032984,0.16372055127942345,rushing_yards,106,11,767
recent_form_delta,0.16003624674321415,0.12600594500118034,rushing_yards,106,11,767
zero_rate,0.014239092439073887,0.010059571862878801,rushing_yards,106,11,767
usage_mean_3,2.0784646168112646,0.8196414636779094,rushing_yards,106,11,767
usage_mean_all,-0.3489585456089891,0.0863994842864047,rushing_yards,106,11,767
team_market_mean_5,-0.033795133088626986,0.1500552611663654,rushing_yards,106,11,767
opponent_allowed_mean_5,0.12490753560675998,0.2359875075924725,rushing_yards,106,11,767
team_plays_mean_5,0.025497310099445513,0.11491420120940733,rushing_yards,106,11,767
qb_strength_mean_5,0.15232650990896915,0.12150794543017009,rushing_yards,106,11,767
home,0.13499724850981848,0.04181605142337923,rushing_yards,106,11,767
season_week,0.0,0.0,rushing_yards,106,11,767
game_total,0.0,0.0,rushing_yards,106,11,767
team_spread,0.0,0.0,rushing_yards,106,11,767
implied_team_total,0.0,0.0,rushing_yards,106,11,767
history_games,0.07363378206546436,0.04788707686067428,rushing_yards,96,13,993
rolling_mean_3,0.6058292300842727,0.14128360894718006,rushing_yards,96,13,993
rolling_mean_5,0.3248820846430192,0.05021439996906642,rushing_yards,96,13,993
rolling_mean_all,1.360450596129429,0.19765686468806332,rushing_yards,96,13,993
rolling_std_5,0.08601547888627863,0.06939002526953944,rushing_yards,96,13,993
rolling_std_all,0.34611728076872444,0.16302913761762866,rushing_yards,96,13,993
last_value,0.1785930404075433,0.08583353244855786,rushing_yards,96,13,993
recent_form_delta,0.15181937296455175,0.1559393796844208,rushing_yards,96,13,993
zero_rate,-0.057342869464748605,0.01584368353470672,rushing_yards,96,13,993
usage_mean_3,2.541188441254263,0.37085238334896725,rushing_yards,96,13,993
usage_mean_all,0.7527116381120041,0.10718209175994471,rushing_yards,96,13,993
team_market_mean_5,0.04992115060090434,0.08421062753707928,rushing_yards,96,13,993
opponent_allowed_mean_5,-0.017677982123699466,0.21013838639126037,rushing_yards,96,13,993
team_plays_mean_5,-0.021598695919765376,0.05945704723362546,rushing_yards,96,13,993
qb_strength_mean_5,0.07227777804489044,0.059566912350501995,rushing_yards,96,13,993
home,-0.012282392847317424,0.028281992882568524,rushing_yards,96,13,993
season_week,0.0,0.0,rushing_yards,96,13,993
game_total,0.0,0.0,rushing_yards,96,13,993
team_spread,0.0,0.0,rushing_yards,96,13,993
implied_team_total,0.0,0.0,rushing_yards,96,13,993
history_games,-0.01585284636967401,0.11806381937227908,rushing_yards,116,15,1194
rolling_mean_3,0.6262458139892623,0.19733794815130842,rushing_yards,116,15,1194
rolling_mean_5,0.24629496089874295,0.12802744778374886,rushing_yards,116,15,1194
rolling_mean_all,0.9034025889618966,0.24092476285014466,rushing_yards,116,15,1194
rolling_std_5,-0.06226159264337028,0.06807315997499082,rushing_yards,116,15,1194
rolling_std_all,0.09097582900213937,0.14502541784960582,rushing_yards,116,15,1194
last_value,0.41319831002531443,0.07803356041487479,rushing_yards,116,15,1194
recent_form_delta,-0.00040958626243536855,0.0778744051054439,rushing_yards,116,15,1194
zero_rate,0.001296028635728419,0.0026389306829219254,rushing_yards,116,15,1194
usage_mean_3,1.3319974532407897,0.4271996977377025,rushing_yards,116,15,1194
usage_mean_all,0.532059793982004,0.11148915424809759,rushing_yards,116,15,1194
team_market_mean_5,-0.11279339756607314,0.08772248112822457,rushing_yards,116,15,1194
opponent_allowed_mean_5,0.29461662023296853,0.14596747026330273,rushing_yards,116,15,1194
team_plays_mean_5,0.07231252569605288,0.07184933704778823,rushing_yards,116,15,1194
qb_strength_mean_5,-0.05219091937162261,0.044342480363116374,rushing_yards,116,15,1194
home,-0.047733443835921464,0.015157362826361343,rushing_yards,116,15,1194
season_week,0.0,0.0,rushing_yards,116,15,1194
game_total,0.0,0.0,rushing_yards,116,15,1194
team_spread,0.0,0.0,rushing_yards,116,15,1194
implied_team_total,0.0,0.0,rushing_yards,116,15,1194
history_games,0.011693836087680865,0.08581561894980554,rushing_yards,123,17,1433
rolling_mean_3,0.0914391729314957,0.12368847198110254,rushing_yards,123,17,1433
rolling_mean_5,0.2894054726087333,0.14612468945402637,rushing_yards,123,17,1433
rolling_mean_all,0.6904060408913161,0.20850504734315056,rushing_yards,123,17,1433
rolling_std_5,-0.03417681471777456,0.04845117478517307,rushing_yards,123,17,1433
rolling_std_all,0.23531876035268554,0.07057319075323983,rushing_yards,123,17,1433
last_value,0.5429826484704016,0.16640358208797026,rushing_yards,123,17,1433
recent_form_delta,0.1892895229053245,0.06881536113330364,rushing_yards,123,17,1433
zero_rate,0.0036573467695887986,0.02421554526670383,rushing_yards,123,17,1433
usage_mean_3,1.4045801700962428,0.24080922145653924,rushing_yards,123,17,1433
usage_mean_all,0.08742133888816213,0.12606658435784138,rushing_yards,123,17,1433
team_market_mean_5,0.14795759966631222,0.05661617474044834,rushing_yards,123,17,1433
opponent_allowed_mean_5,-0.33667407872447586,0.21508372932623868,rushing_yards,123,17,1433
team_plays_mean_5,-0.09705962810267935,0.0592236963864963,rushing_yards,123,17,1433
qb_strength_mean_5,0.03406840641286664,0.06706890292272401,rushing_yards,123,17,1433
home,-0.050758741965949386,0.027603350449810403,rushing_yards,123,17,1433
season_week,0.0,0.0,rushing_yards,123,17,1433
game_total,0.0,0.0,rushing_yards,123,17,1433
team_spread,0.0,0.0,rushing_yards,123,17,1433
implied_team_total,0.0,0.0,rushing_yards,123,17,1433
history_games,-0.018140821270544193,0.08956037188967397,rushing_yards,112,18,1556
rolling_mean_3,0.1498163573349096,0.11056342761423153,rushing_yards,112,18,1556
rolling_mean_5,0.051449820828086246,0.09419660662207215,rushing_yards,112,18,1556
rolling_mean_all,0.5115837015838934,0.32841547265528614,rushing_yards,112,18,1556
rolling_std_5,0.07182940352305067,0.05254284075854374,rushing_yards,112,18,1556
rolling_std_all,0.19816970464470246,0.09915700827569467,rushing_yards,112,18,1556
last_value,0.12458743422263723,0.10387987685804675,rushing_yards,112,18,1556
recent_form_delta,-0.06320410487787527,0.09193291615233264,rushing_yards,112,18,1556
zero_rate,0.030726015589239354,0.028908756846494396,rushing_yards,112,18,1556
usage_mean_3,1.4050633203569256,0.43306446619398437,rushing_yards,112,18,1556
usage_mean_all,0.3881164325340144,0.16547100877719748,rushing_yards,112,18,1556
team_market_mean_5,-0.12045565465462715,0.06294418912698817,rushing_yards,112,18,1556
opponent_allowed_mean_5,-0.2912432858012629,0.2284646118846779,rushing_yards,112,18,1556
team_plays_mean_5,0.0603020423644665,0.10356046321249646,rushing_yards,112,18,1556
qb_strength_mean_5,-0.016964780563695568,0.0839215771991519,rushing_yards,112,18,1556
home,-0.00826028814494748,0.021751204946058245,rushing_yards,112,18,1556
season_week,0.0,0.0,rushing_yards,112,18,1556
game_total,0.0,0.0,rushing_yards,112,18,1556
team_spread,0.0,0.0,rushing_yards,112,18,1556
implied_team_total,0.0,0.0,rushing_yards,112,18,1556
history_games,-0.0021001395981170567,0.0035637266912977787,receptions,222,9,1178
rolling_mean_3,-0.01441664921594299,0.006384759818446095,receptions,222,9,1178
rolling_mean_5,-0.002919978663821654,0.011150073161997606,receptions,222,9,1178
rolling_mean_all,-0.008111359001259765,0.008980362561583988,receptions,222,9,1178
rolling_std_5,-0.0006660941251630081,0.009235126211432418,receptions,222,9,1178
rolling_std_all,-0.0031856678865322063,0.0034506522360699507,receptions,222,9,1178
last_value,-0.007022882950449061,0.0036188255960727597,receptions,222,9,1178
recent_form_delta,-0.014604019472897089,0.0034331364415836276,receptions,222,9,1178
zero_rate,-0.011741764279618616,0.005324091282050799,receptions,222,9,1178
usage_mean_3,0.019754373435070027,0.024598865174828746,receptions,222,9,1178
usage_mean_all,0.021983379294108252,0.014680805272709149,receptions,222,9,1178
team_market_mean_5,-0.009208240741351893,0.0036434774516664807,receptions,222,9,1178
opponent_allowed_mean_5,-0.006556626963899826,0.004698519691058335,receptions,222,9,1178
team_plays_mean_5,0.008265513166224103,0.006011005555442427,receptions,222,9,1178
qb_strength_mean_5,-0.013205008782878247,0.005066916735011123,receptions,222,9,1178
home,-0.0007038495346952889,0.0019332768915595179,receptions,222,9,1178
season_week,0.0,0.0,receptions,222,9,1178
game_total,0.0,0.0,receptions,222,9,1178
team_spread,0.0,0.0,receptions,222,9,1178
implied_team_total,0.0,0.0,receptions,222,9,1178
history_games,0.0017251525311693604,0.004626466017322314,receptions,214,11,1613
rolling_mean_3,0.025234414549670924,0.009651259249873015,receptions,214,11,1613
rolling_mean_5,-0.0014658412319420665,0.007643227185825715,receptions,214,11,1613
rolling_mean_all,0.0328350560592499,0.018381967070820102,receptions,214,11,1613
rolling_std_5,-0.004937103654387531,0.012990582507454822,receptions,214,11,1613
rolling_std_all,-0.010301214204260134,0.005266580954934914,receptions,214,11,1613
last_value,0.0015562453530121533,0.0008208914811210698,receptions,214,11,1613
recent_form_delta,-0.01057717002386709,0.009325326024967896,receptions,214,11,1613
zero_rate,-0.008913798122274441,0.003129023976974192,receptions,214,11,1613
usage_mean_3,0.00529408170585226,0.006770701300861832,receptions,214,11,1613
usage_mean_all,0.08934267591434693,0.031289745250942386,receptions,214,11,1613
team_market_mean_5,0.0004123594641336048,0.003833021920621867,receptions,214,11,1613
opponent_allowed_mean_5,-0.0023725047931601128,0.008556453707812215,receptions,214,11,1613
team_plays_mean_5,0.0036912752680540615,0.004263056790211127,receptions,214,11,1613
qb_strength_mean_5,0.0058119947864152975,0.008247448060322028,receptions,214,11,1613
home,0.0024637093874893433,0.002655174561992389,receptions,214,11,1613
season_week,0.0,0.0,receptions,214,11,1613
game_total,0.0,0.0,receptions,214,11,1613
team_spread,0.0,0.0,receptions,214,11,1613
implied_team_total,0.0,0.0,receptions,214,11,1613
history_games,0.01326081012016278,0.008409210422479127,receptions,196,13,2074
rolling_mean_3,0.026800618124225295,0.015026628394805439,receptions,196,13,2074
rolling_mean_5,0.02881596479584996,0.007539322726159899,receptions,196,13,2074
rolling_mean_all,0.10257846160973157,0.028133636665102213,receptions,196,13,2074
rolling_std_5,0.003457676296216361,0.0073078127313844195,receptions,196,13,2074
rolling_std_all,-0.0032681883347750683,0.004325904962541639,receptions,196,13,2074
last_value,0.016716877775793337,0.008177561201384872,receptions,196,13,2074
recent_form_delta,0.00036999372405266406,0.010990507445750633,receptions,196,13,2074
zero_rate,-0.0029647214460261752,0.0012863102944100236,receptions,196,13,2074
usage_mean_3,0.03859648014645769,0.011729031252455115,receptions,196,13,2074
usage_mean_all,0.08666837298840564,0.019259861179825154,receptions,196,13,2074
team_market_mean_5,0.009241818441882366,0.002846363382773406,receptions,196,13,2074
opponent_allowed_mean_5,-0.004789126512099484,0.0059438596127413205,receptions,196,13,2074
team_plays_mean_5,-0.0026596737911459114,0.006650824093961203,receptions,196,13,2074
qb_strength_mean_5,0.0010254889080552943,0.005504449975378479,receptions,196,13,2074
home,0.0017077947996581243,0.002796890145376153,receptions,196,13,2074
season_week,0.0,0.0,receptions,196,13,2074
game_total,0.0,0.0,receptions,196,13,2074
team_spread,0.0,0.0,receptions,196,13,2074
implied_team_total,0.0,0.0,receptions,196,13,2074
history_games,-0.0030442751191231744,0.0040139393496962305,receptions,259,15,2495
rolling_mean_3,0.0019955500928281467,0.005839528958984995,receptions,259,15,2495
rolling_mean_5,0.004180266753794948,0.005592620757653302,receptions,259,15,2495
rolling_mean_all,0.09208571985931169,0.017392387598887556,receptions,259,15,2495
rolling_std_5,0.0019023655773063642,0.005971184590559266,receptions,259,15,2495
rolling_std_all,0.00392347010734242,0.00255809405436046,receptions,259,15,2495
last_value,0.007003557097233104,0.005230398292128231,receptions,259,15,2495
recent_form_delta,-0.007077378663780998,0.002908703865027719,receptions,259,15,2495
zero_rate,0.00138641327918676,0.0026140580004674536,receptions,259,15,2495
usage_mean_3,0.0053567452509043715,0.010210702898316881,receptions,259,15,2495
usage_mean_all,0.04143993611546137,0.013690711818242305,receptions,259,15,2495
team_market_mean_5,0.0023473802601678972,0.0034633082954620385,receptions,259,15,2495
opponent_allowed_mean_5,0.00256743238537509,0.004083485404310773,receptions,259,15,2495
team_plays_mean_5,-0.005351845066813343,0.005244296521607294,receptions,259,15,2495
qb_strength_mean_5,0.000866088417038835,0.0039511270897232605,receptions,259,15,2495
home,0.004633070638222136,0.0010879140590535747,receptions,259,15,2495
season_week,0.0,0.0,receptions,259,15,2495
game_total,0.0,0.0,receptions,259,15,2495
team_spread,0.0,0.0,receptions,259,15,2495
implied_team_total,0.0,0.0,receptions,259,15,2495
history_games,-0.011206816150888744,0.0097386855688565,receptions,239,17,3003
rolling_mean_3,-0.00254524545111372,0.009060140532267258,receptions,239,17,3003
rolling_mean_5,0.008726180760164848,0.006634635125082928,receptions,239,17,3003
rolling_mean_all,0.06155813662670475,0.02827980361748418,receptions,239,17,3003
rolling_std_5,0.005972083353830149,0.005669424337243069,receptions,239,17,3003
rolling_std_all,0.0123050890225334,0.001312876221092792,receptions,239,17,3003
last_value,-0.00047617779155118,0.003410746113166624,receptions,239,17,3003
recent_form_delta,-0.006564319885704694,0.004998696317313045,receptions,239,17,3003
zero_rate,-0.0009707395396118202,0.0018366825093397473,receptions,239,17,3003
usage_mean_3,0.0019220424830010074,0.005025501471491074,receptions,239,17,3003
usage_mean_all,0.02602364418524661,0.014285739186664904,receptions,239,17,3003
team_market_mean_5,0.0028471438083623292,0.005027240027653008,receptions,239,17,3003
opponent_allowed_mean_5,-0.008975731259638709,0.005565886045368577,receptions,239,17,3003
team_plays_mean_5,0.001458762473745523,0.0042752789973091385,receptions,239,17,3003
qb_strength_mean_5,-0.006889101858051338,0.003937126125555512,receptions,239,17,3003
home,-0.003124130387711599,0.0022427687132957194,receptions,239,17,3003
season_week,0.0,0.0,receptions,239,17,3003
game_total,0.0,0.0,receptions,239,17,3003
team_spread,0.0,0.0,receptions,239,17,3003
implied_team_total,0.0,0.0,receptions,239,17,3003
history_games,0.006507087227408137,0.00824670528882889,receptions,234,18,3242
rolling_mean_3,0.014818808364880365,0.006596263302195771,receptions,234,18,3242
rolling_mean_5,-0.007788519390136983,0.008339542867838232,receptions,234,18,3242
rolling_mean_all,0.03794100711230315,0.015230421339996275,receptions,234,18,3242
rolling_std_5,-0.011645301531121888,0.006600723289657034,receptions,234,18,3242
rolling_std_all,-0.0056621760069227815,0.0016116463975778088,receptions,234,18,3242
last_value,0.00605845613791729,0.006029101270933486,receptions,234,18,3242
recent_form_delta,-0.005164065965503761,0.003851477206762705,receptions,234,18,3242
zero_rate,0.0016522452548139554,0.002985146325332947,receptions,234,18,3242
usage_mean_3,0.02681067654785214,0.010334982654520554,receptions,234,18,3242
usage_mean_all,0.028491764168869206,0.014069705446335427,receptions,234,18,3242
team_market_mean_5,0.0001840128784435624,0.0012171684809939066,receptions,234,18,3242
opponent_allowed_mean_5,0.010277061261295772,0.00388129499351706,receptions,234,18,3242
team_plays_mean_5,-0.003678391925036539,0.004860607649981875,receptions,234,18,3242
qb_strength_mean_5,-0.0006952839264664945,0.0057629688354866706,receptions,234,18,3242
home,-0.0006453177687322676,0.002136353647458376,receptions,234,18,3242
season_week,0.0,0.0,receptions,234,18,3242
game_total,0.0,0.0,receptions,234,18,3242
team_spread,0.0,0.0,receptions,234,18,3242
implied_team_total,0.0,0.0,receptions,234,18,3242
history_games,0.30887852613873007,0.06179483253820617,receiving_yards,222,9,1178
rolling_mean_3,0.00633733571789179,0.0547144754009435,receiving_yards,222,9,1178
rolling_mean_5,0.04286081718249477,0.1056258064407742,receiving_yards,222,9,1178
rolling_mean_all,-0.010535263501669334,0.18903414491268936,receiving_yards,222,9,1178
rolling_std_5,-0.12566945182637995,0.043962527316887566,receiving_yards,222,9,1178
rolling_std_all,-0.01894123098316669,0.04391225510995879,receiving_yards,222,9,1178
last_value,0.03132163745965357,0.0544655246602271,receiving_yards,222,9,1178
recent_form_delta,-0.2839305738564931,0.10302945359220744,receiving_yards,222,9,1178
zero_rate,-0.003033326355494381,0.056414835919603654,receiving_yards,222,9,1178
usage_mean_3,0.5461976274594698,0.2892320362069383,receiving_yards,222,9,1178
usage_mean_all,0.7723771322147798,0.24427113323916808,receiving_yards,222,9,1178
team_market_mean_5,0.004773299422055288,0.13008766563054167,receiving_yards,222,9,1178
opponent_allowed_mean_5,0.07834288579854984,0.10024467379877618,receiving_yards,222,9,1178
team_plays_mean_5,-0.14132514190721465,0.02331763914562348,receiving_yards,222,9,1178
qb_strength_mean_5,0.02492906259459886,0.040049601137283536,receiving_yards,222,9,1178
home,0.13231716713878824,0.03047082021674239,receiving_yards,222,9,1178
season_week,0.0,0.0,receiving_yards,222,9,1178
game_total,0.0,0.0,receiving_yards,222,9,1178
team_spread,0.0,0.0,receiving_yards,222,9,1178
implied_team_total,0.0,0.0,receiving_yards,222,9,1178
history_games,-0.06478233176048036,0.04545205149451933,receiving_yards,214,11,1613
rolling_mean_3,0.43582188079396145,0.22441836581074986,receiving_yards,214,11,1613
rolling_mean_5,-0.10298040853536747,0.16240659089255194,receiving_yards,214,11,1613
rolling_mean_all,0.24004381102663075,0.21515644829551273,receiving_yards,214,11,1613
rolling_std_5,-0.04687960834851239,0.059487957831969425,receiving_yards,214,11,1613
rolling_std_all,0.20247673707871172,0.11957627159805874,receiving_yards,214,11,1613
last_value,-0.046480609051448595,0.040795593420487816,receiving_yards,214,11,1613
recent_form_delta,0.07910143993294412,0.08431185211947458,receiving_yards,214,11,1613
zero_rate,-0.02250555445103828,0.037834086307259186,receiving_yards,214,11,1613
usage_mean_3,0.48883577010583823,0.33473308940290597,receiving_yards,214,11,1613
usage_mean_all,0.5311187431778229,0.23717661978802354,receiving_yards,214,11,1613
team_market_mean_5,0.15474390076124891,0.08511945420930207,receiving_yards,214,11,1613
opponent_allowed_mean_5,0.07927251136011293,0.12791819731286455,receiving_yards,214,11,1613
team_plays_mean_5,-0.034984293180440315,0.12246875532133654,receiving_yards,214,11,1613
qb_strength_mean_5,0.11132932222257708,0.03157164179941462,receiving_yards,214,11,1613
home,0.18369472238921675,0.09783767084139479,receiving_yards,214,11,1613
season_week,0.0,0.0,receiving_yards,214,11,1613
game_total,0.0,0.0,receiving_yards,214,11,1613
team_spread,0.0,0.0,receiving_yards,214,11,1613
implied_team_total,0.0,0.0,receiving_yards,214,11,1613
history_games,0.08778543760719941,0.062026099376157134,receiving_yards,196,13,2074
rolling_mean_3,0.6438001361993223,0.12612852901288069,receiving_yards,196,13,2074
rolling_mean_5,0.32782003920930974,0.08950951779467138,receiving_yards,196,13,2074
rolling_mean_all,1.2297875767623765,0.24470168007959744,receiving_yards,196,13,2074
rolling_std_5,-0.033467550386027514,0.11336937339346564,receiving_yards,196,13,2074
rolling_std_all,0.731270831825956,0.10726701933907862,receiving_yards,196,13,2074
last_value,0.11906234102373361,0.09958132250250401,receiving_yards,196,13,2074
recent_form_delta,0.1131879379428419,0.10185461957427176,receiving_yards,196,13,2074
zero_rate,-0.02034994445938878,0.02218908136842418,receiving_yards,196,13,2074
usage_mean_3,1.4418215576425433,0.34858888103985863,receiving_yards,196,13,2074
usage_mean_all,1.7156995763860359,0.38010932153623833,receiving_yards,196,13,2074
team_market_mean_5,0.09715200661359731,0.05760785559060522,receiving_yards,196,13,2074
opponent_allowed_mean_5,0.04913383109427372,0.10554660450649264,receiving_yards,196,13,2074
team_plays_mean_5,-0.15476532765693776,0.1061880822277256,receiving_yards,196,13,2074
qb_strength_mean_5,0.01284655169696478,0.008908669386648032,receiving_yards,196,13,2074
home,0.01274494663452046,0.053047792330914924,receiving_yards,196,13,2074
season_week,0.0,0.0,receiving_yards,196,13,2074
game_total,0.0,0.0,receiving_yards,196,13,2074
team_spread,0.0,0.0,receiving_yards,196,13,2074
implied_team_total,0.0,0.0,receiving_yards,196,13,2074
history_games,0.020292685903485364,0.046772008359114416,receiving_yards,259,15,2495
rolling_mean_3,0.19924759720557644,0.07600382766478804,receiving_yards,259,15,2495
rolling_mean_5,0.3844421564736301,0.017039314591797698,receiving_yards,259,15,2495
rolling_mean_all,0.56392244997269,0.04103569934334164,receiving_yards,259,15,2495
rolling_std_5,0.191645601714373,0.13807585550417698,receiving_yards,259,15,2495
rolling_std_all,0.1721732589140011,0.18006205838030348,receiving_yards,259,15,2495
last_value,-0.07066541752404731,0.051141368950419354,receiving_yards,259,15,2495
recent_form_delta,0.006598659527460882,0.07463990046467796,receiving_yards,259,15,2495
zero_rate,0.020119428987432287,0.018815371989974437,receiving_yards,259,15,2495
usage_mean_3,1.1496474660187523,0.11648060107503412,receiving_yards,259,15,2495
usage_mean_all,0.8103414771360526,0.08356675501179622,receiving_yards,259,15,2495
team_market_mean_5,0.08936234770568988,0.09953310453061581,receiving_yards,259,15,2495
opponent_allowed_mean_5,0.1740152820180029,0.04595422910975604,receiving_yards,259,15,2495
team_plays_mean_5,0.10164003982058319,0.07800462996977414,receiving_yards,259,15,2495
qb_strength_mean_5,-0.04065712180080823,0.04355740941826197,receiving_yards,259,15,2495
home,0.05054210933538528,0.046549552653456644,receiving_yards,259,15,2495
season_week,0.0,0.0,receiving_yards,259,15,2495
game_total,0.0,0.0,receiving_yards,259,15,2495
team_spread,0.0,0.0,receiving_yards,259,15,2495
implied_team_total,0.0,0.0,receiving_yards,259,15,2495
history_games,0.07410669142157289,0.05137129422204996,receiving_yards,239,17,3003
rolling_mean_3,0.094050913072207,0.06745531586182513,receiving_yards,239,17,3003
rolling_mean_5,0.22661987272193257,0.05577115551443099,receiving_yards,239,17,3003
rolling_mean_all,0.47990847240592627,0.30168427507986867,receiving_yards,239,17,3003
rolling_std_5,0.1602755190754742,0.06908387063849737,receiving_yards,239,17,3003
rolling_std_all,-0.11732509946896741,0.11367138571252738,receiving_yards,239,17,3003
last_value,0.022902956383014584,0.10276850399051621,receiving_yards,239,17,3003
recent_form_delta,0.03243464674012202,0.04972529508310515,receiving_yards,239,17,3003
zero_rate,-0.013952762597140378,0.06026215204533842,receiving_yards,239,17,3003
usage_mean_3,0.5915979086782535,0.2636499396220337,receiving_yards,239,17,3003
usage_mean_all,0.5018585494298435,0.2818858821431012,receiving_yards,239,17,3003
team_market_mean_5,0.017619236621029443,0.06512912314430153,receiving_yards,239,17,3003
opponent_allowed_mean_5,0.031131252843578493,0.13103123207633638,receiving_yards,239,17,3003
team_plays_mean_5,0.013312912468314408,0.0413315921923824,receiving_yards,239,17,3003
qb_strength_mean_5,0.0243315395129045,0.018869124215031837,receiving_yards,239,17,3003
home,0.06352656394837766,0.05076558125120404,receiving_yards,239,17,3003
season_week,0.0,0.0,receiving_yards,239,17,3003
game_total,0.0,0.0,receiving_yards,239,17,3003
team_spread,0.0,0.0,receiving_yards,239,17,3003
implied_team_total,0.0,0.0,receiving_yards,239,17,3003
history_games,-0.10761095261965252,0.07639902475050464,receiving_yards,234,18,3242
rolling_mean_3,-0.06946909757439386,0.08561479961779903,receiving_yards,234,18,3242
rolling_mean_5,0.3374116996421897,0.16110374322988655,receiving_yards,234,18,3242
rolling_mean_all,-0.0663539771157545,0.22157021022012474,receiving_yards,234,18,3242
rolling_std_5,0.1523711788248967,0.05621356258207855,receiving_yards,234,18,3242
rolling_std_all,-0.41063556724508105,0.07445879843619116,receiving_yards,234,18,3242
last_value,-0.10124278818121368,0.05326763817879438,receiving_yards,234,18,3242
recent_form_delta,-0.038200407706258946,0.06823014860830774,receiving_yards,234,18,3242
zero_rate,0.003953071539577024,0.025392818382838783,receiving_yards,234,18,3242
usage_mean_3,0.26012257976822684,0.12189018965015024,receiving_yards,234,18,3242
usage_mean_all,0.08058014622217372,0.2422910507317802,receiving_yards,234,18,3242
team_market_mean_5,-0.07659777850973341,0.09429060148546839,receiving_yards,234,18,3242
opponent_allowed_mean_5,0.012105941069170711,0.0635450682376939,receiving_yards,234,18,3242
team_plays_mean_5,0.005533642739978006,0.0695591715455028,receiving_yards,234,18,3242
qb_strength_mean_5,-0.08162903915498702,0.02038043641950817,receiving_yards,234,18,3242
home,0.02614480613781254,0.049328712469431414,receiving_yards,234,18,3242
season_week,0.0,0.0,receiving_yards,234,18,3242
game_total,0.0,0.0,receiving_yards,234,18,3242
team_spread,0.0,0.0,receiving_yards,234,18,3242
implied_team_total,0.0,0.0,receiving_yards,234,18,3242
