count,extreme_mean,extreme_minus_non_extreme,feature,feature_class,non_extreme_mean,pearson,rank,scope,spearman,target
918,-7.3061533335430004,-6.99422539795206,standardized_mean_line_gap,distribution_geometry,-0.3119279355909408,-0.3420697434988189,1,ALL,-0.807482587650581,probability_extremeness
918,-27.384436822149393,-26.41984162086943,mean_minus_line,distribution_geometry,-0.9645952012799618,-0.39875811429148855,2,ALL,-0.7246617797643123,probability_extremeness
918,9514.086505190311,3168.2105115496115,unique_values,distribution_geometry,6345.8759936407,0.47774037169924405,3,ALL,0.46882916543970765,probability_extremeness
918,62.26470588235294,15.518282988871228,line,distribution_geometry,46.746422893481714,0.17852948057704585,4,ALL,0.44071405725181706,probability_extremeness
918,0.02288235294117647,-0.02285087440381558,zero_mass,distribution_geometry,0.04573322734499205,-0.09278216380001887,5,ALL,-0.4381031103205111,probability_extremeness
918,12.46712802768166,-3.0114093332086416,player_history_games,history_depth,15.478537360890302,-0.38711560921836013,6,ALL,-0.39417992236342075,probability_extremeness
918,0.29159903827628325,-0.0594640082159566,relative_dispersion,distribution_geometry,0.35106304649223985,-0.24267677360984757,7,ALL,-0.37381850903665964,probability_extremeness
918,34.12717013956288,-10.829322813147705,simulated_median,distribution_geometry,44.95649295271058,0.032868582845280304,8,ALL,0.18969392471550398,probability_extremeness
918,34.880269060203545,-10.901558631998213,simulated_mean,distribution_geometry,45.78182769220176,0.03441647437907,9,ALL,0.18946144441976173,probability_extremeness
918,61.882666739267215,-12.429977503717147,support_width,distribution_geometry,74.31264424298436,0.09479079516959538,10,ALL,0.1405529045163944,probability_extremeness
918,7.655820565921538,-1.6454111583100444,simulated_stddev,distribution_geometry,9.301231724231583,0.0838425228601126,11,ALL,0.1214362414223847,probability_extremeness
918,549.5363321799308,-0.8897409520246811,league_team_history_rows,history_depth,550.4260731319555,-0.008980475753296304,12,ALL,-0.021136452693938376,probability_extremeness
918,34.0,0.0,team_history_rows,history_depth,34.0,,13,ALL,,probability_extremeness
918,-27.384436822149393,-26.41984162086943,mean_minus_line,distribution_geometry,-0.9645952012799618,-0.052022581875532464,1,ALL,0.07470190651417027,brier_error
918,0.02288235294117647,-0.02285087440381558,zero_mass,distribution_geometry,0.04573322734499205,0.014933387734433584,2,ALL,0.07147563181010122,brier_error
918,9514.086505190311,3168.2105115496115,unique_values,distribution_geometry,6345.8759936407,0.0985995850325526,3,ALL,-0.0581858786353189,brier_error
918,62.26470588235294,15.518282988871228,line,distribution_geometry,46.746422893481714,0.03273315446575257,4,ALL,-0.051338302643707215,brier_error
918,-7.3061533335430004,-6.99422539795206,standardized_mean_line_gap,distribution_geometry,-0.3119279355909408,-0.07321902738273164,5,ALL,0.037517059877916044,brier_error
918,549.5363321799308,-0.8897409520246811,league_team_history_rows,history_depth,550.4260731319555,0.011477587612840245,6,ALL,0.03301553873323403,brier_error
918,61.882666739267215,-12.429977503717147,support_width,distribution_geometry,74.31264424298436,-0.0024879692904318865,7,ALL,-0.03020060997323815,brier_error
918,0.29159903827628325,-0.0594640082159566,relative_dispersion,distribution_geometry,0.35106304649223985,-0.006778490584829937,8,ALL,0.023369251520717445,brier_error
918,34.12717013956288,-10.829322813147705,simulated_median,distribution_geometry,44.95649295271058,0.013925700545933622,9,ALL,-0.0215127384667718,brier_error
918,34.880269060203545,-10.901558631998213,simulated_mean,distribution_geometry,45.78182769220176,0.013774653138603928,10,ALL,-0.0206603630222659,brier_error
918,7.655820565921538,-1.6454111583100444,simulated_stddev,distribution_geometry,9.301231724231583,0.008136210921946763,11,ALL,-0.015242361088738391,brier_error
918,12.46712802768166,-3.0114093332086416,player_history_games,history_depth,15.478537360890302,-0.13187194907648844,12,ALL,0.003694832641124501,brier_error
918,34.0,0.0,team_history_rows,history_depth,34.0,,13,ALL,,brier_error
25,-2.0627068769442314,-1.9476811281594673,standardized_mean_line_gap,distribution_geometry,-0.11502574878476417,-0.938600716760882,1,passing_tds,-0.7661538461538462,probability_extremeness
25,-1.1795,-1.1115833333333334,mean_minus_line,distribution_geometry,-0.0679166666666667,-0.902653593005447,2,passing_tds,-0.7646153846153846,probability_extremeness
25,0.7277,0.4899833333333333,zero_mass,distribution_geometry,0.23771666666666666,0.7751582262067961,3,passing_tds,0.5505964239802508,probability_extremeness
25,0.5718214319173425,-0.5529443553567828,simulated_stddev,distribution_geometry,1.1247657872741252,-0.7206611012360655,4,passing_tds,-0.5474129741577203,probability_extremeness
25,0.3205,-1.1115833333333331,simulated_mean,distribution_geometry,1.4320833333333332,-0.7208099117504634,5,passing_tds,-0.5281785056349613,probability_extremeness
25,5.0,-9.583333333333334,player_history_games,history_depth,14.583333333333334,-0.7306617760835024,6,passing_tds,-0.46518910340192626,probability_extremeness
25,6.0,-2.916666666666666,unique_values,distribution_geometry,8.916666666666666,-0.6272130336947769,7,passing_tds,-0.43547448538487155,probability_extremeness
25,0.0,-1.2083333333333333,simulated_median,distribution_geometry,1.2083333333333333,-0.5310770814898086,8,passing_tds,-0.34535138457287584,probability_extremeness
25,1.5,0.0,line,distribution_geometry,1.5,0.2340669064829538,9,passing_tds,0.3333974297349129,probability_extremeness
25,5.0,-3.083333333333334,support_width,distribution_geometry,8.083333333333334,-0.5404573579677788,10,passing_tds,-0.3147451004791631,probability_extremeness
25,548.0,-1.9166666666666288,league_team_history_rows,history_depth,549.9166666666666,-0.1575607687936018,11,passing_tds,-0.02819123613369578,probability_extremeness
25,0.4330340264425161,-0.030352994209095152,relative_dispersion,distribution_geometry,0.46338702065161125,-0.007773072446017623,12,passing_tds,0.019619157893214147,probability_extremeness
25,34.0,0.0,team_history_rows,history_depth,34.0,,13,passing_tds,,probability_extremeness
115,9.973684210526315,-6.2860560492139435,player_history_games,history_depth,16.25974025974026,-0.5096157604074856,1,passing_yards,-0.43794932674875703,probability_extremeness
115,19.58847027046545,-13.060209835667642,simulated_stddev,distribution_geometry,32.64868010613309,-0.4789955136063429,2,passing_yards,-0.4329310314662067,probability_extremeness
115,149.56278295805987,-103.85217924515598,simulated_mean,distribution_geometry,253.41496220321585,-0.4970301227488265,3,passing_yards,-0.4190532576661616,probability_extremeness
115,148.33836893817679,-103.29568515126786,simulated_median,distribution_geometry,251.63405408944465,-0.49799779350585033,4,passing_yards,-0.4190532576661616,probability_extremeness
115,154.42678133619424,-103.92780585545401,support_width,distribution_geometry,258.35458719164825,-0.4728743476918568,5,passing_yards,-0.39599236268871524,probability_extremeness
115,0.13078432786786207,0.002424642847994374,relative_dispersion,distribution_geometry,0.1283596850198677,0.33802863357573215,6,passing_yards,0.38449363582582075,probability_extremeness
115,224.8421052631579,-7.112440191387577,line,distribution_geometry,231.95454545454547,-0.39380717720891434,7,passing_yards,-0.26592077488681276,probability_extremeness
115,-75.279322305098,-96.73973905376842,mean_minus_line,distribution_geometry,21.460416748670408,-0.3954307570548397,8,passing_yards,-0.25846322520100545,probability_extremeness
115,-6.913384947372612,-7.528703270614434,standardized_mean_line_gap,distribution_geometry,0.6153183232418216,-0.404035893687423,9,passing_yards,-0.256308308659359,probability_extremeness
115,547.3684210526316,-3.566643882433368,league_team_history_rows,history_depth,550.9350649350649,0.16818382047601557,10,passing_yards,0.10262849364297225,probability_extremeness
115,34.0,0.0,team_history_rows,history_depth,34.0,,11,passing_yards,,probability_extremeness
115,10000.0,0.0,unique_values,distribution_geometry,10000.0,,12,passing_yards,,probability_extremeness
115,0.0,0.0,zero_mass,distribution_geometry,0.0,,13,passing_yards,,probability_extremeness
469,-8.059473347395992,-7.323449842690981,standardized_mean_line_gap,distribution_geometry,-0.7360235047050109,-0.30586288610971224,1,receiving_yards,-0.9712501268922747,probability_extremeness
469,-21.485182999669746,-13.610236451752218,mean_minus_line,distribution_geometry,-7.874946547917529,-0.669105203993148,2,receiving_yards,-0.716202015774561,probability_extremeness
469,13.420091324200913,-2.379908675799088,player_history_games,history_depth,15.8,-0.31671725223392405,3,receiving_yards,-0.4300847254641222,probability_extremeness
469,5.831883363530925,-2.983220432837718,simulated_stddev,distribution_geometry,8.815103796368643,-0.0697361477180537,4,receiving_yards,-0.3200765973230388,probability_extremeness
469,18.28878960306998,-9.312263849012488,simulated_mean,distribution_geometry,27.601053452082468,-0.07181008915098284,5,receiving_yards,-0.3183641025356389,probability_extremeness
469,17.598012046943122,-8.955663994065272,simulated_median,distribution_geometry,26.553676041008394,-0.07224178247025081,6,receiving_yards,-0.3180200901565249,probability_extremeness
469,48.491842225945405,-24.838901167015052,support_width,distribution_geometry,73.33074339296046,-0.06920789760532124,7,receiving_yards,-0.31236652901712975,probability_extremeness
469,0.28693635301258763,-0.01782619665816343,relative_dispersion,distribution_geometry,0.30476254967075106,-0.20959308081735403,8,receiving_yards,-0.2906718627277798,probability_extremeness
469,39.773972602739725,4.297972602739726,line,distribution_geometry,35.476,0.3395198879507587,9,receiving_yards,0.21551426556338496,probability_extremeness
469,550.082191780822,-0.3978082191780459,league_team_history_rows,history_depth,550.48,-0.004090402796620577,10,receiving_yards,-0.041609784976005475,probability_extremeness
469,34.0,0.0,team_history_rows,history_depth,34.0,,11,receiving_yards,,probability_extremeness
469,10000.0,0.0,unique_values,distribution_geometry,10000.0,,12,receiving_yards,,probability_extremeness
469,0.0,0.0,zero_mass,distribution_geometry,0.0,,13,receiving_yards,,probability_extremeness
169,-3.1479210240994075,-3.0454945919395655,standardized_mean_line_gap,distribution_geometry,-0.10242643215984182,-0.5794585244857094,1,receptions,-0.4195846531037556,probability_extremeness
169,-2.375125,-2.295382575757576,mean_minus_line,distribution_geometry,-0.07974242424242424,-0.45579753489074615,2,receptions,-0.40789198892647327,probability_extremeness
169,5.25,-6.6469696969696965,support_width,distribution_geometry,11.896969696969697,-0.4568917628086707,3,receptions,-0.40133717494873294,probability_extremeness
169,6.0,-6.73939393939394,unique_values,distribution_geometry,12.73939393939394,-0.4638587827842587,4,receptions,-0.4008001143603383,probability_extremeness
169,0.7611123795133908,-0.970429504425561,simulated_stddev,distribution_geometry,1.7315418839389518,-0.44709317646196656,5,receptions,-0.37310491055422634,probability_extremeness
169,0.5,-2.6636363636363636,simulated_median,distribution_geometry,3.1636363636363636,-0.40907322203271806,6,receptions,-0.3690988982506718,probability_extremeness
169,0.624875,-2.6862916666666665,simulated_mean,distribution_geometry,3.3111666666666664,-0.40671834583515404,7,receptions,-0.3683474130191799,probability_extremeness
169,0.5575,0.47186969696969694,zero_mass,distribution_geometry,0.08563030303030303,0.4816373668010587,8,receptions,0.3631101709243513,probability_extremeness
169,4.5,-10.433333333333334,player_history_games,history_depth,14.933333333333334,-0.5474252759987965,9,receptions,-0.3435221653691563,probability_extremeness
169,0.4595294602673683,0.039680616661738,relative_dispersion,distribution_geometry,0.4198488436056303,0.33631741319785585,10,receptions,0.3171884644799151,probability_extremeness
169,547.5,-2.5848484848485214,league_team_history_rows,history_depth,550.0848484848485,-0.11794198613168932,11,receptions,-0.15774164675045244,probability_extremeness
169,3.0,-0.3909090909090911,line,distribution_geometry,3.390909090909091,-0.13243070076642902,12,receptions,-0.13851015930137248,probability_extremeness
169,34.0,0.0,team_history_rows,history_depth,34.0,,13,receptions,,probability_extremeness
42,-3.118356952806308,-2.7395658159139367,standardized_mean_line_gap,distribution_geometry,-0.3787911368923713,-0.7759331285965961,1,rushing_attempts,-0.8573859492747752,probability_extremeness
42,7.714285714285714,-7.542857142857144,player_history_games,history_depth,15.257142857142858,-0.8007529060678011,2,rushing_attempts,-0.8076629458275421,probability_extremeness
42,-4.676614285714286,-4.012588571428571,mean_minus_line,distribution_geometry,-0.6640257142857143,-0.6077371971782316,3,rushing_attempts,-0.7761931772141641,probability_extremeness
42,7.214285714285714,1.5142857142857142,line,distribution_geometry,5.7,0.26445879213257956,4,rushing_attempts,0.26255612637078457,probability_extremeness
42,546.8571428571429,-4.0,league_team_history_rows,history_depth,550.8571428571429,-0.20537206518423115,5,rushing_attempts,-0.25417847650527853,probability_extremeness
42,2.5376714285714286,-2.498302857142857,simulated_mean,distribution_geometry,5.0359742857142855,-0.07720725229473746,6,rushing_attempts,-0.17284853833017422,probability_extremeness
42,1.4404840825199965,-0.5762458896632985,simulated_stddev,distribution_geometry,2.016729972183295,-0.1903309939477946,7,rushing_attempts,-0.17284853833017422,probability_extremeness
42,2.5714285714285716,-2.3714285714285714,simulated_median,distribution_geometry,4.942857142857143,-0.07499618685304607,8,rushing_attempts,-0.16700780839996598,probability_extremeness
42,0.22857142857142856,0.14867142857142857,zero_mass,distribution_geometry,0.0799,0.38540597931689347,9,rushing_attempts,0.14295577406639706,probability_extremeness
42,0.4280219231258916,0.05106191232557089,relative_dispersion,distribution_geometry,0.3769600108003207,0.08471499522697615,10,rushing_attempts,0.12760956816683594,probability_extremeness
42,11.0,-4.0285714285714285,unique_values,distribution_geometry,15.028571428571428,-0.12067573888432574,11,rushing_attempts,-0.10091033996042625,probability_extremeness
42,10.285714285714286,-4.114285714285714,support_width,distribution_geometry,14.4,-0.11752803662071012,12,rushing_attempts,-0.07763426834289434,probability_extremeness
42,34.0,0.0,team_history_rows,history_depth,34.0,,13,rushing_attempts,,probability_extremeness
98,-2.3631066335530004,-2.0213420549423846,standardized_mean_line_gap,distribution_geometry,-0.3417645786106159,-0.6359398305903137,1,rushing_yards,-0.6931188595400672,probability_extremeness
98,-15.240830853988816,-12.004709901766573,mean_minus_line,distribution_geometry,-3.236120952222244,-0.48320795357813023,2,rushing_yards,-0.6401762204413162,probability_extremeness
98,10.4,-4.805128205128204,player_history_games,history_depth,15.205128205128204,-0.6241571686014873,3,rushing_yards,-0.5986980933790419,probability_extremeness
98,33.8,9.710256410256406,line,distribution_geometry,24.08974358974359,0.20663601468092724,4,rushing_yards,0.290050307245248,probability_extremeness
98,64.9079774695401,-10.164640054051446,support_width,distribution_geometry,75.07261752359155,-0.2252822856725522,5,rushing_yards,-0.24094463097957441,probability_extremeness
98,18.559169146011183,-2.294453491510165,simulated_mean,distribution_geometry,20.853622637521347,-0.1470807342566823,6,rushing_yards,-0.19908893150585652,probability_extremeness
98,8.86440785663772,-0.7441318678024711,simulated_stddev,distribution_geometry,9.608539724440192,-0.17222436818069964,7,rushing_yards,-0.19908893150585652,probability_extremeness
98,17.596475620120433,-2.1393306890541233,simulated_median,distribution_geometry,19.735806309174556,-0.14612849956304202,8,rushing_yards,-0.19817014785887246,probability_extremeness
98,0.5597975481858589,0.032177355739418045,relative_dispersion,distribution_geometry,0.5276201924464409,0.18591145659002992,9,rushing_yards,0.1796285834273749,probability_extremeness
98,0.102765,0.024104743589743585,zero_mass,distribution_geometry,0.07866025641025641,0.20239013944142767,10,rushing_yards,0.17120601796944374,probability_extremeness
98,8973.2,-241.0820512820501,unique_values,distribution_geometry,9214.28205128205,-0.20238332451000388,11,rushing_yards,-0.1704912244132201,probability_extremeness
98,549.1,-1.3358974358974365,league_team_history_rows,history_depth,550.4358974358975,-0.04706426450099126,12,rushing_yards,-0.0033423976027610915,probability_extremeness
98,34.0,0.0,team_history_rows,history_depth,34.0,,13,rushing_yards,,probability_extremeness
