actual_stat,american_odds,archetype,canonical_player_id,cumulative_share_of_negative_units,edge,game_id,line,market,market_probability,model_probability,player_name,profit_units,rank,season,share_of_negative_units,side,team,week
6.0,150.0,RECEIVER,4032473,0.002079002079002079,0.5615,espn-401772718,2.5,receptions,0.375,0.9365,Rashid Shaheed,-1.0,1,2025,0.002079002079002079,UNDER,NO,1
48.0,115.0,DUAL_THREAT_PASSER,4362887,0.004158004158004158,0.5607187772925764,espn-401772721,41.5,rushing_yards,0.43668122270742354,0.9974,Justin Fields,-1.0,2,2025,0.002079002079002079,UNDER,NYJ,1
31.0,110.0,SCRIMMAGE_HYBRID,3068267,0.006237006237006237,0.5541401273885351,espn-401772827,21.5,receiving_yards,0.4458598726114649,1.0,Austin Ekeler,-1.0,3,2025,0.002079002079002079,UNDER,WAS,1
12.0,110.0,DUAL_THREAT_PASSER,4362887,0.008316008316008316,0.551440127388535,espn-401772721,8.5,rushing_attempts,0.4458598726114649,0.9973,Justin Fields,-1.0,4,2025,0.002079002079002079,UNDER,NYJ,1
9.0,112.0,SCRIMMAGE_HYBRID,3117251,0.010395010395010396,0.5484303332383936,espn-401772831,3.5,receptions,0.44146966676160637,0.9899,Christian McCaffrey,-1.0,5,2025,0.002079002079002079,UNDER,SF,1
108.0,105.0,RECEIVER,4428209,0.012474012474012475,0.5430920303605314,espn-401772831,41.5,receiving_yards,0.4554079696394686,0.9985,Ricky Pearsall,-1.0,6,2025,0.002079002079002079,UNDER,SF,1
6.0,130.0,DUAL_THREAT_PASSER,4360423,0.014553014553014554,0.5355279878971255,espn-401772830,1.5,rushing_attempts,0.40847201210287437,0.944,Michael Penix Jr.,-1.0,7,2025,0.002079002079002079,UNDER,ATL,1
214.0,100.0,DUAL_THREAT_PASSER,4426339,0.016632016632016633,0.5306122448979591,espn-401772718,193.5,passing_yards,0.4693877551020409,1.0,Spencer Rattler,-1.0,8,2025,0.002079002079002079,UNDER,NO,1
22.0,100.0,SCRIMMAGE_HYBRID,4569987,0.018711018711018712,0.5306122448979591,espn-401772721,15.5,receiving_yards,0.4693877551020409,1.0,Jaylen Warren,-1.0,9,2025,0.002079002079002079,UNDER,PIT,1
52.0,100.0,RECEIVER,4369863,0.02079002079002079,0.5306122448979591,espn-401772829,40.5,receiving_yards,0.4693877551020409,1.0,Cedric Tillman,-1.0,10,2025,0.002079002079002079,UNDER,CLE,1
54.0,100.0,RECEIVER,4361370,0.02286902286902287,0.5305122448979591,espn-401772718,49.5,receiving_yards,0.4693877551020409,0.9999,Chris Olave,-1.0,11,2025,0.002079002079002079,UNDER,NO,1
54.0,100.0,RECEIVER,4361370,0.02494802494802495,0.5305122448979591,espn-401772718,52.5,receiving_yards,0.4693877551020409,0.9999,Chris Olave,-1.0,12,2025,0.002079002079002079,UNDER,NO,1
10.0,100.0,RECEIVER,4241372,0.02702702702702703,0.5284122448979591,espn-401772714,3.5,receptions,0.4693877551020409,0.9978,Hollywood Brown,-1.0,13,2025,0.002079002079002079,UNDER,KC,1
4.0,108.0,DUAL_THREAT_PASSER,4426339,0.029106029106029108,0.525401203717812,espn-401772718,3.5,rushing_attempts,0.45329879628218805,0.9787,Spencer Rattler,-1.0,14,2025,0.002079002079002079,UNDER,NO,1
214.0,-105.0,DUAL_THREAT_PASSER,4426339,0.031185031185031187,0.5203045685279188,espn-401772718,199.5,passing_yards,0.4796954314720812,1.0,Spencer Rattler,-1.0,15,2025,0.002079002079002079,UNDER,NO,1
30.0,-105.0,RECEIVER,4686422,0.033264033264033266,0.5203045685279188,espn-401772723,20.5,receiving_yards,0.4796954314720812,1.0,Xavier Hutchinson,-1.0,16,2025,0.002079002079002079,UNDER,HOU,1
59.0,100.0,RECEIVER,4430539,0.035343035343035345,0.5197122448979591,espn-401772828,29.5,receiving_yards,0.4693877551020409,0.9891,Brenton Strange,-1.0,17,2025,0.002079002079002079,UNDER,JAX,1
108.0,-105.0,RECEIVER,4428209,0.037422037422037424,0.5197045685279187,espn-401772831,45.5,receiving_yards,0.4796954314720812,0.9994,Ricky Pearsall,-1.0,18,2025,0.002079002079002079,UNDER,SF,1
48.0,100.0,RECEIVER,4385690,0.0395010395010395,0.5124122448979591,espn-401772918,32.5,receiving_yards,0.4693877551020409,0.9818,Dalton Kincaid,-1.0,19,2025,0.002079002079002079,UNDER,BUF,1
18.0,-109.0,SCRIMMAGE_HYBRID,3676833,0.04158004158004158,0.5101580936358787,espn-401772510,15.5,receiving_yards,0.48974190636412124,0.9999,KaVontae Turpin,-1.0,20,2025,0.002079002079002079,UNDER,DAL,1
214.0,-110.0,DUAL_THREAT_PASSER,4426339,0.04365904365904366,0.5101214574898785,espn-401772718,200.5,passing_yards,0.48987854251012153,1.0,Spencer Rattler,-1.0,21,2025,0.002079002079002079,UNDER,NO,1
31.0,-110.0,SCRIMMAGE_HYBRID,3068267,0.04573804573804574,0.5101214574898785,espn-401772827,23.5,receiving_yards,0.48987854251012153,1.0,Austin Ekeler,-1.0,22,2025,0.002079002079002079,UNDER,WAS,1
54.0,-110.0,RECEIVER,4361370,0.04781704781704782,0.5100214574898785,espn-401772718,50.5,receiving_yards,0.48987854251012153,0.9999,Chris Olave,-1.0,23,2025,0.002079002079002079,UNDER,NO,1
108.0,-110.0,RECEIVER,4428209,0.0498960498960499,0.5098214574898785,espn-401772831,46.5,receiving_yards,0.48987854251012153,0.9997,Ricky Pearsall,-1.0,24,2025,0.002079002079002079,UNDER,SF,1
30.0,-108.0,RECEIVER,4686422,0.05197505197505198,0.5094197437829691,espn-401772723,19.5,receiving_yards,0.4905802562170309,1.0,Xavier Hutchinson,-1.0,25,2025,0.002079002079002079,UNDER,HOU,1
22.0,-110.0,SCRIMMAGE_HYBRID,4569987,0.05405405405405406,0.5082034454470877,espn-401772721,16.5,receiving_yards,0.49179655455291227,1.0,Jaylen Warren,-1.0,26,2025,0.002079002079002079,UNDER,PIT,1
38.0,-110.0,RECEIVER,4429086,0.056133056133056136,0.5072034454470877,espn-401772720,13.5,receiving_yards,0.49179655455291227,0.999,Michael Mayer,-1.0,27,2025,0.002079002079002079,UNDER,LV,1
51.0,110.0,RECEIVER,3728262,0.058212058212058215,0.507040127388535,espn-401772830,25.5,receiving_yards,0.4458598726114649,0.9529,Ray-Ray McCloud III,-1.0,28,2025,0.002079002079002079,UNDER,ATL,1
54.0,-111.0,RECEIVER,4361370,0.060291060291060294,0.5050597457277306,espn-401772718,51.5,receiving_yards,0.4948402542722694,0.9999,Chris Olave,-1.0,29,2025,0.002079002079002079,UNDER,NO,1
51.0,-109.0,RECEIVER,3728262,0.062370062370062374,0.5049197809142616,espn-401772830,36.5,receiving_yards,0.4936802190857384,0.9986,Ray-Ray McCloud III,-1.0,30,2025,0.002079002079002079,UNDER,ATL,1
29.0,-110.0,DUAL_THREAT_PASSER,4426339,0.06444906444906445,0.5048214574898785,espn-401772718,20.5,rushing_yards,0.48987854251012153,0.9947,Spencer Rattler,-1.0,31,2025,0.002079002079002079,UNDER,NO,1
44.0,-110.0,RECEIVER,3121023,0.06652806652806653,0.5043214574898784,espn-401772510,39.5,receiving_yards,0.48987854251012153,0.9942,Dallas Goedert,-1.0,32,2025,0.002079002079002079,UNDER,PHI,1
31.0,-110.0,SCRIMMAGE_HYBRID,3068267,0.06860706860706861,0.504212299915754,espn-401772827,24.5,receiving_yards,0.495787700084246,1.0,Austin Ekeler,-1.0,33,2025,0.002079002079002079,UNDER,WAS,1
130.0,-110.0,RECEIVER,4426515,0.07068607068607069,0.5039214574898785,espn-401772723,72.5,receiving_yards,0.48987854251012153,0.9938,Puka Nacua,-1.0,34,2025,0.002079002079002079,UNDER,LAR,1
48.0,-110.0,DUAL_THREAT_PASSER,4362887,0.07276507276507277,0.503112299915754,espn-401772721,44.5,rushing_yards,0.495787700084246,0.9989,Justin Fields,-1.0,35,2025,0.002079002079002079,UNDER,NYJ,1
298.0,-115.0,DUAL_THREAT_PASSER,4360423,0.07484407484407485,0.5029738302934179,espn-401772830,234.5,passing_yards,0.4970261697065821,1.0,Michael Penix Jr.,-1.0,36,2025,0.002079002079002079,UNDER,ATL,1
298.0,-111.0,DUAL_THREAT_PASSER,4360423,0.07692307692307693,0.5021058838394474,espn-401772830,237.5,passing_yards,0.4978941161605526,1.0,Michael Penix Jr.,-1.0,37,2025,0.002079002079002079,UNDER,ATL,1
27.0,-110.0,SCRIMMAGE_HYBRID,4242335,0.079002079002079,0.5020214574898785,espn-401772719,10.5,receiving_yards,0.48987854251012153,0.9919,Jonathan Taylor,-1.0,38,2025,0.002079002079002079,UNDER,IND,1
130.0,-110.0,RECEIVER,4426515,0.08108108108108109,0.5014214574898784,espn-401772723,70.5,receiving_yards,0.48987854251012153,0.9913,Puka Nacua,-1.0,39,2025,0.002079002079002079,UNDER,LAR,1
29.0,-110.0,DUAL_THREAT_PASSER,4426339,0.08316008316008316,0.5012619469026549,espn-401772718,18.5,rushing_yards,0.48893805309734506,0.9902,Spencer Rattler,-1.0,40,2025,0.002079002079002079,UNDER,NO,1
27.0,-110.0,SCRIMMAGE_HYBRID,4242335,0.08523908523908524,0.501212299915754,espn-401772719,11.5,receiving_yards,0.495787700084246,0.997,Jonathan Taylor,-1.0,41,2025,0.002079002079002079,UNDER,IND,1
29.0,-108.0,DUAL_THREAT_PASSER,4426339,0.08731808731808732,0.5008288604180715,espn-401772718,19.5,rushing_yards,0.4915711395819285,0.9924,Spencer Rattler,-1.0,42,2025,0.002079002079002079,UNDER,NO,1
70.0,-110.0,RECEIVER,4243389,0.0893970893970894,0.5002214574898785,espn-401772721,23.5,receiving_yards,0.48987854251012153,0.9901,Calvin Austin III,-1.0,43,2025,0.002079002079002079,UNDER,PIT,1
18.0,-113.0,SCRIMMAGE_HYBRID,3676833,0.09147609147609148,0.5,espn-401772510,16.5,receiving_yards,0.5,1.0,KaVontae Turpin,-1.0,44,2025,0.002079002079002079,UNDER,DAL,1
99.0,-115.0,RECEIVER,4241372,0.09355509355509356,0.5,espn-401772714,38.5,receiving_yards,0.5,1.0,Hollywood Brown,-1.0,45,2025,0.002079002079002079,UNDER,KC,1
214.0,-114.0,DUAL_THREAT_PASSER,4426339,0.09563409563409564,0.5,espn-401772718,201.5,passing_yards,0.5,1.0,Spencer Rattler,-1.0,46,2025,0.002079002079002079,UNDER,NO,1
214.0,-115.0,DUAL_THREAT_PASSER,4426339,0.09771309771309772,0.5,espn-401772718,202.5,passing_yards,0.5,1.0,Spencer Rattler,-1.0,47,2025,0.002079002079002079,UNDER,NO,1
214.0,-113.0,DUAL_THREAT_PASSER,4426339,0.0997920997920998,0.5,espn-401772718,203.5,passing_yards,0.5,1.0,Spencer Rattler,-1.0,48,2025,0.002079002079002079,UNDER,NO,1
22.0,-112.0,SCRIMMAGE_HYBRID,4569987,0.10187110187110188,0.5,espn-401772721,17.5,receiving_yards,0.5,1.0,Jaylen Warren,-1.0,49,2025,0.002079002079002079,UNDER,PIT,1
31.0,-112.0,SCRIMMAGE_HYBRID,3068267,0.10395010395010396,0.5,espn-401772827,22.5,receiving_yards,0.5,1.0,Austin Ekeler,-1.0,50,2025,0.002079002079002079,UNDER,WAS,1
