archetype,count,eligible_for_ranking,market,market_brier,market_ece,market_log_loss,model_brier,model_ece,model_log_loss,model_minus_market_brier,model_minus_market_log_loss,roi,segment_type,team,units_profit,weeks
BALL_CARRIER,8,False,,0.24062343495512342,0.11428233022005106,0.6743730800608666,0.7457346725,0.863225,2.0052079395702602,0.5051112375448766,1.3308348595093937,-0.07186501522885963,archetype,,-0.574920121830877,[1]
DUAL_THREAT_PASSER,498,True,,0.24885039591402922,0.03960929074954234,0.6909132957935245,0.41899414393583534,0.37903042971887546,1.9507525175916984,0.17014374802180612,1.259839221798174,-0.04977874116745424,archetype,,-24.789813101392213,[1]
SCRIMMAGE_HYBRID,340,True,,0.24911185199194052,0.008772020288087252,0.6913320873003906,0.37442824782362943,0.30997107647058825,2.0512096153692556,0.1253163958316889,1.359877528068865,-0.04342253525682008,archetype,,-14.763661987318827,[1]
RECEIVER,978,True,,0.2475257401744138,0.012724382925845037,0.688172813922483,0.3623888076483374,0.3044796789366053,1.523281194488695,0.11486306747392361,0.8351083805662121,-0.05045577099188733,archetype,,-49.34574403006581,[1]
PASSER,12,False,,0.2544420555330519,0.3426675618289008,0.702034281673917,0.10472310333333334,0.3169,0.3862398905195059,-0.14971895219971854,-0.3157943911544111,-0.038964759359496205,archetype,,-0.4675771123139545,[1]
BALL_CARRIER,6,False,rushing_yards,0.24738962506025342,0.004086144740612123,0.6879228533847739,0.7538194433333333,0.8678333333333333,2.0425679315548986,0.5064298182730799,1.3546450781701247,-0.05735848184360772,archetype_by_market,,-0.3441508910616463,[1]
BALL_CARRIER,2,False,rushing_attempts,0.22032486463973347,0.46938775510204084,0.6337237600891445,0.7214803599999999,0.8493999999999999,1.8931279636163438,0.5011554953602665,1.2594042035271993,-0.11538461538461536,archetype_by_market,,-0.23076923076923073,[1]
DUAL_THREAT_PASSER,162,True,rushing_yards,0.246993661207502,0.06697427819312267,0.6871472041453245,0.4712561927160494,0.45605061728395063,1.7254394249127696,0.2242625315085474,1.038292220767445,-0.05836273586459953,archetype_by_market,,-9.454763210065124,[1]
DUAL_THREAT_PASSER,220,True,passing_yards,0.2500125287535128,0.008134967653718203,0.6931737594759918,0.4335565791820272,0.41303888181818177,2.5719633721850537,0.1835440504285144,1.878789612709062,-0.0571584448083515,archetype_by_market,,-12.57485785783733,[1]
DUAL_THREAT_PASSER,68,True,rushing_attempts,0.25639428675801945,0.05048007061378957,0.7061564922193748,0.412526049117647,0.3420735294117647,1.4707828689200482,0.15613176235962756,0.7646263767006733,-0.017730941386717183,archetype_by_market,,-1.2057040142967683,[1]
SCRIMMAGE_HYBRID,214,True,receiving_yards,0.24979873967029687,0.00751999782925713,0.6927543692456254,0.4020586868225888,0.36644937383177567,2.6781478701182517,0.1522599471522919,1.9853935008726262,-0.05262411848584656,archetype_by_market,,-11.261561355971164,[1]
RECEIVER,724,True,receiving_yards,0.24971839926571854,0.004021739051354258,0.69257671357117,0.38205683704430116,0.3432338756906077,1.747593641548286,0.13233843777858262,1.055016927977116,-0.05519621553415903,archetype_by_market,,-39.96206004673114,[1]
SCRIMMAGE_HYBRID,28,True,rushing_yards,0.25172821672534773,0.011747264990981348,0.6966022092781584,0.33740181785714285,0.47492142857142855,1.1977074696607795,0.08567360113179512,0.501105260382621,-0.05111737085396657,archetype_by_market,,-1.431286383911064,[1]
SCRIMMAGE_HYBRID,84,True,receptions,0.24665946349936196,0.025649616615672735,0.6862856752332641,0.3271803545238095,0.25038809523809524,0.9280274912832696,0.08052089102444754,0.24174181605000544,-0.0177408039533243,archetype_by_market,,-1.4902275320792413,[1]
RECEIVER,254,True,receptions,0.24127579851258454,0.06045742352227141,0.6756199661049652,0.3063271805511811,0.21542283464566928,0.8839024083818289,0.06505138203859653,0.20828244227686366,-0.03694363772966404,archetype_by_market,,-9.383683983334667,[1]
SCRIMMAGE_HYBRID,14,False,rushing_attempts,0.24809388468286525,0.10106324904293817,0.6893297202990248,0.30961747142857143,0.2837714285714285,0.9141076144246191,0.06152358674570618,0.22477789412559424,-0.04147047966838269,archetype_by_market,,-0.5805867153573576,[1]
PASSER,2,False,passing_tds,0.24552085433537868,0.025458406712938975,0.684163827163718,0.20903184000000002,0.45720000000000005,0.6110143510214231,-0.036489014335378656,-0.07314947614229494,-0.023809523809523836,archetype_by_market,,-0.04761904761904767,[1]
DUAL_THREAT_PASSER,48,True,passing_tds,0.23910325467193935,0.07610950084230171,0.6716688682916033,0.18502836874999998,0.16648749999999998,0.543924790781711,-0.054074885921939375,-0.12774407750989236,-0.03238516706652062,archetype_by_market,,-1.55448801919299,[1]
PASSER,10,False,passing_yards,0.2562262957725865,0.4061093928520932,0.7056083725759569,0.083861356,0.28884000000000004,0.34128499841912247,-0.1723649397725865,-0.3643233741568344,-0.04199580646949068,archetype_by_market,,-0.4199580646949068,[1]
,32,True,,0.24318163756911568,0.010278347150638857,0.679461005816277,0.69312632125,0.746425,2.642499780067211,0.44994468368088425,1.963038774250934,-0.06231252529470261,team,LV,-1.9940008094304835,[1]
,36,True,,0.24677901812637926,0.006280965114300465,0.6867008195965512,0.6760463105555555,0.7185388888888888,3.588661760627,0.4292672924291763,2.901960941030449,-0.053426529250254755,team,NYJ,-1.9233550530091712,[1]
,54,True,,0.24681983580416456,0.0371350616006316,0.686741052649208,0.6469015503705926,0.6698368148148148,4.697985023164766,0.40008171456642805,4.011243970515558,-0.05636861687514721,team,ATL,-3.0439053112579493,[1]
,74,True,,0.2459965322759272,0.12154014881343084,0.6854334421510444,0.6358703332435406,0.6601267297297297,5.098177355086337,0.38987380096761337,4.412743912935293,-0.04924008560172402,team,NO,-3.6437663345275775,[1]
,54,True,,0.25176356989479676,0.10064401312279264,0.6966619925194216,0.528468261852,0.5351146666666666,1.905476787982541,0.27670469195720326,1.2088147954631192,-0.04338531947601088,team,DEN,-2.3428072517045875,[1]
,68,True,,0.24831872935038982,0.10970869801761297,0.689850121762629,0.5008133094117647,0.46847058823529414,1.8019203141675018,0.25249458006137493,1.1120701924048726,-0.053267188622451285,team,BUF,-3.6221688263266874,[1]
,54,True,,0.24586211604552966,0.02695935913188791,0.6848269666916978,0.4687338081483333,0.4864072222222222,3.6339082085343644,0.22287169210280366,2.9490812418426664,-0.05346899179076532,team,PIT,-2.8873255567013274,[1]
,86,True,,0.245678615925776,0.029849718939281657,0.6844773568462595,0.45659587186053485,0.45086272093023255,1.3106661604537813,0.21091725593475885,0.6261888036075217,-0.059327359919542126,team,ARI,-5.102152953080623,[1]
,46,True,,0.2338239506622608,0.19699598515774763,0.6606174339352332,0.4240337882610869,0.3267345652173913,3.5753924722968105,0.1902098375988261,2.914775038361577,-0.08053840803276541,team,WAS,-3.704766769507209,[1]
,60,True,,0.24250618050501904,0.07909967934431911,0.6781062197942597,0.4289330386667334,0.5053866,2.7774462843625747,0.18642685816171434,2.099340064568315,-0.059077558609471954,team,SF,-3.5446535165683173,[1]
,58,True,,0.2523975783322001,0.021077482598116325,0.6980472385805037,0.4269367606896552,0.42753103448275864,1.326047407204719,0.17453918235745508,0.6280001686242154,-0.04094074083987083,team,CHI,-2.374562968712508,[1]
,50,True,,0.25837886503456675,0.029467986607985268,0.7101434385811332,0.42518780720012006,0.43571188,1.5982918153855235,0.1668089421655533,0.8881483768043903,-0.023178431936369988,team,IND,-1.1589215968184994,[1]
,30,True,,0.24335068536840054,0.1125344368098715,0.6797971900942639,0.3837677040001333,0.4407332,1.4166661924835575,0.14041701863173278,0.7368690023892936,-0.05794620867928959,team,SEA,-1.7383862603786877,[1]
,72,True,,0.24588356446818294,0.0704829455726465,0.6848089494975163,0.3800217341666667,0.36967500000000003,1.2754941276876461,0.13413816969848374,0.5906851781901299,-0.052308870080982305,team,PHI,-3.7662386458307258,[1]
,72,True,,0.2454248776664095,0.07980102609354163,0.6838333337423572,0.3705612236111111,0.2825249999999999,1.1366126747384704,0.1251363459447016,0.45277934099611317,-0.057150500201794414,team,GB,-4.114836014529198,[1]
,44,True,,0.2497595074498035,0.13020383277769612,0.6924249794809361,0.3727208531818182,0.3015954545454545,1.582120539823036,0.1229613457320147,0.8896955603421,-0.044726807522440175,team,LAR,-1.9679795309873676,[1]
,64,True,,0.24356102554062417,0.1188452646806729,0.6802007641556578,0.3641349915627187,0.38002790625,1.6444311161845133,0.12057396602209455,0.9642303520288555,-0.057286696432247555,team,DAL,-3.6663485716638435,[1]
,78,True,,0.24814963483073518,0.009938242843293702,0.6893052189370026,0.3585058517948718,0.37960000000000005,1.0950885225874372,0.11035621696413664,0.4057833036504346,-0.04784088864960985,team,BAL,-3.7315893146695682,[1]
,52,True,,0.24553301848409423,0.05805113556867178,0.6841297942790293,0.34846536653846155,0.31128846153846157,1.0775060451773042,0.10293234805436732,0.3933762508982749,-0.05598748092232885,team,NE,-2.9113490079611,[1]
,92,True,,0.24930140545934892,0.013737574591499603,0.6918391051606845,0.34970177869573915,0.3443129565217391,1.6350053125647583,0.10040037323639023,0.9431662074040739,-0.04179391139371841,team,KC,-3.8450398482220938,[1]
,66,True,,0.25315660772124515,0.0340787881413655,0.6995559126896777,0.34950754666666667,0.34047272727272726,1.0960259583489895,0.09635093894542152,0.3964700456593119,-0.040942032405947945,team,DET,-2.7021741387925644,[1]
,54,True,,0.24528712108585346,0.02682727841608959,0.6836526228202331,0.332570995926,0.3797888148148148,1.7206297025409043,0.08728387484014652,1.0369770797206712,-0.05786620587140709,team,HOU,-3.1247751170559828,[1]
,56,True,,0.2525702359076252,0.10231833721590618,0.6981561436588816,0.3340547125,0.2804107142857143,1.08189162040133,0.08148447659237484,0.38373547674244846,-0.0378797219922666,team,LAC,-2.12126443156693,[1]
,60,True,,0.2472940033214167,0.03306137998151951,0.6876687379905931,0.3203564496666667,0.25620333333333334,1.073260070955263,0.07306244634525,0.38559133296466996,-0.04980283916205253,team,CAR,-2.988170349723152,[1]
,48,True,,0.24766994287500407,0.060174131873290175,0.6884646157958483,0.29957414416708333,0.3504829166666667,2.3111345603204736,0.05190420129207926,1.6226699445246253,-0.0530229641003209,team,CLE,-2.5451022768154035,[1]
,64,True,,0.2520632393304289,0.0972504065650026,0.697521273528632,0.29382904,0.28375,0.796982785651822,0.041765800669571085,0.09946151212318999,-0.03832206340861556,team,TB,-2.452612058151396,[1]
,30,True,,0.24912733492620504,0.08766757373765263,0.6914301483910735,0.2706244013333333,0.34822666666666663,0.8820998705923653,0.021497066407128285,0.19066972220129175,-0.04328975415688633,team,TEN,-1.29869262470659,[1]
,36,True,,0.253511520220219,0.04746138084611148,0.7002110113453353,0.2364643416668889,0.23452755555555557,0.6609344293790925,-0.0170471785533301,-0.03927658196624273,-0.03689615360279291,team,MIN,-1.3282615297005447,[1]
,54,True,,0.2528320019423878,0.059502961890265944,0.6988679966395497,0.23244536740755553,0.2431554074074074,0.9488119996067398,-0.020386634534832276,0.2499440029671901,-0.04118491558941993,team,JAX,-2.223985441828676,[1]
,60,True,,0.25608170385318013,0.08457377691802014,0.7055230036095451,0.21119327166666668,0.20187666666666668,0.5897834128915981,-0.04488843218651345,-0.11573959071794704,-0.025672410167725687,team,NYG,-1.5403446100635412,[1]
,60,True,,0.24650400492259147,0.06082257109975769,0.6859815567969423,0.17522489933333332,0.16022666666666666,0.4850246635108198,-0.07127910558925815,-0.20095689328612248,-0.05128229734411051,team,CIN,-3.0769378406466306,[1]
,72,True,,0.25084625225642104,0.011223435916678428,0.6948408663046095,0.036672345277916664,0.13314180555555555,0.15634379542210117,-0.21417390697850439,-0.5384970708825083,-0.04798946933309366,team,MIA,-3.4552417919827434,[1]
,14,False,passing_yards,0.24406947538688264,0.13384091512863536,0.6812741317660427,0.9999980000009999,0.999999,13.815510557949896,0.7559285246141173,13.134236426183854,-0.06995986098778671,team_by_market,NO,-0.9794380538290139,[1]
,12,False,rushing_yards,0.24231094253480745,0.01342828214835784,0.6776664801871521,0.9972024666666667,0.9986,6.7283403837187565,0.7548915241318592,6.050673903531605,-0.07497261077712061,team_by_market,NYJ,-0.8996713293254474,[1]
,12,False,passing_yards,0.249155594046749,0.16582004764452243,0.6914583528790151,0.9999980000009999,0.999999,13.815510557949898,0.7508424059542509,13.124052205070882,-0.06385895426815234,team_by_market,ATL,-0.7663074512178282,[1]
,4,False,rushing_attempts,0.2527019116632345,0.04076583259047517,0.6986287954852438,0.9966038899999999,0.9983,6.589466864446346,0.7439019783367654,5.890838068961102,-0.01408730158730162,team_by_market,NYJ,-0.05634920634920648,[1]
,2,False,rushing_attempts,0.22273039256136073,0.47158866939615474,0.6384796504857676,0.95785369,0.9787,3.849048206266758,0.7351232974386392,3.2105685557809904,-0.08333333333333331,team_by_market,NO,-0.16666666666666663,[1]
,10,False,rushing_yards,0.24724361164064462,0.288853888919498,0.6876520635892922,0.9821089080000001,0.991,4.870216314412237,0.7348652963593554,4.182564250822945,-0.05519581608551377,team_by_market,NO,-0.5519581608551377,[1]
,6,False,passing_yards,0.25187122829432684,0.16922044628153501,0.6968901142012687,0.94284766,0.9710000000000001,3.5444016486435808,0.6909764317056731,2.847511534442312,-0.054747788443440616,team_by_market,NE,-0.3284867306606437,[1]
,4,False,rushing_attempts,0.2552919631530287,0.08888204377202089,0.7038432462279798,0.939586,0.969,3.9991996990005347,0.6842940368469713,3.295356452772555,-0.02794117647058822,team_by_market,ATL,-0.11176470588235288,[1]
,10,False,rushing_yards,0.24622461395393666,0.009795174059187927,0.6855756044879315,0.88811243,0.9423400000000001,2.8694071065109514,0.6418878160460633,2.18383150202302,-0.0542772444946358,team_by_market,BAL,-0.542772444946358,[1]
,2,False,rushing_attempts,0.18282020533824128,0.42716594235716965,0.5576919832800225,0.8217422499999999,0.9065,2.3697938426874954,0.6389220446617586,1.812101859407473,-0.15517241379310343,team_by_market,JAX,-0.31034482758620685,[1]
,10,False,passing_yards,0.25115113272593337,0.005085515987771627,0.6954569205454092,0.88513146,0.9408,2.83067990324943,0.6339803272740666,2.1352229827040206,-0.053467908902691506,team_by_market,CHI,-0.5346790890269151,[1]
,10,False,passing_yards,0.25983251715604305,0.1132734937435722,0.7129038393621535,0.8871991340000001,0.9418200000000001,2.8723285079196126,0.627366616843957,2.159424668557459,-0.04033434055173184,team_by_market,DEN,-0.4033434055173184,[1]
,22,True,receiving_yards,0.2506036744360294,0.09459643576363307,0.6943546676108594,0.8716650363636362,0.9324909090909091,3.4808455835027656,0.6210613619276069,2.786490915891906,-0.05558615746974906,team_by_market,LV,-1.2228954643344794,[1]
,10,False,passing_yards,0.2410399965323736,0.39082938265811096,0.6752119794384361,0.840022338,0.9164999999999999,2.4864552311535553,0.5989823414676264,1.8112432517151191,-0.07728235383102638,team_by_market,ARI,-0.7728235383102638,[1]
,8,False,passing_yards,0.2405880220668905,0.24016787552097396,0.674271548658077,0.823872885,0.9075,2.3984217701237887,0.5832848629331095,1.7241502214657116,-0.07004808216192655,team_by_market,BAL,-0.5603846572954124,[1]
,26,True,receiving_yards,0.24702401599361443,0.06579313424651904,0.6871911894429494,0.8240161430773077,0.8114303846153846,7.111819117502659,0.5769921270836933,6.424627928059709,-0.06177443069829148,team_by_market,PIT,-1.6061351981555785,[1]
,4,False,rushing_yards,0.2556241762219445,0.2610015193147742,0.7044007414814608,0.7807000099999999,0.8824,2.2215465020232013,0.5250758337780554,1.5171457605417404,-0.03254696373962429,team_by_market,ATL,-0.13018785495849716,[1]
,36,True,receiving_yards,0.2460329733385855,0.16136100298584113,0.6852076486642242,0.7685174044444445,0.8420888888888889,2.8887491265058185,0.522484431105859,2.2035414778415943,-0.065944256788323,team_by_market,BUF,-2.373993244379628,[1]
,2,False,rushing_attempts,0.2500471697906341,0.022210709531730655,0.6932407319969203,0.71605444,0.8462000000000001,1.8721022219105934,0.46600727020936583,1.1788614899136731,-0.014563106796116498,team_by_market,PHI,-0.029126213592232997,[1]
,2,False,rushing_yards,0.1838682705840315,0.42862719602075927,0.5599385701678554,0.64304361,0.8019000000000001,1.6189833252776316,0.4591753394159685,1.0590447551097761,-0.1527777777777778,team_by_market,PIT,-0.3055555555555556,[1]
,4,False,rushing_yards,0.2252334994225969,0.4743330442924696,0.6435249004697197,0.679721225,0.82445,1.7398869074208678,0.4544877255774031,1.0963620069511482,-0.10509950248756217,team_by_market,DET,-0.4203980099502487,[1]
,16,False,rushing_yards,0.24281778266658147,0.11606384121412347,0.6787696210451751,0.6933150325,0.8316250000000001,1.8128709827054028,0.45049724983341854,1.1341013616602278,-0.06946520298923045,team_by_market,ARI,-1.1114432478276872,[1]
,2,False,rushing_attempts,0.32443155705511495,0.5690374588086582,0.8434274108987023,0.76003524,0.8718,2.0541637344955674,0.43560368294488505,1.2107363235968651,0.15000000000000002,team_by_market,GB,0.30000000000000004,[1]
,10,False,receptions,0.23176253779326023,0.14118016123747376,0.6560353780528015,0.624874884,0.58416,2.1557404179689543,0.3931123462067398,1.4997050399161527,-0.04928070175438596,team_by_market,NO,-0.4928070175438596,[1]
,6,False,rushing_yards,0.24903257219344965,0.3255034616489759,0.691215742318863,0.6379051666666666,0.7985333333333333,1.6052157189884781,0.388872594473217,0.9139999766696152,-0.05382807300737722,team_by_market,PHI,-0.32296843804426334,[1]
,6,False,rushing_yards,0.23464702079679076,0.3139631449938138,0.6623811795446087,0.6173833933333334,0.7853333333333333,1.5453894455382375,0.3827363725365426,0.8830082659936288,-0.07621853455186789,team_by_market,WAS,-0.45731120731120734,[1]
,8,False,passing_yards,0.2513372288053581,0.0038032532522246643,0.6958241759093078,0.6297463925,0.793325,1.5812059541368435,0.3784091636946419,0.8853817782275357,-0.05486542443064184,team_by_market,TB,-0.4389233954451347,[1]
,6,False,passing_yards,0.24878522442698203,0.3321154826602035,0.6907176080187752,0.6134460466666667,0.7831333333333333,1.5300264043612968,0.36466082223968466,0.8393087963425215,-0.05877031458986056,team_by_market,DET,-0.35262188753916335,[1]
,20,True,receiving_yards,0.2378457929687713,0.18508881749464806,0.6687367873772755,0.5943996930005,0.6147294999999999,7.1916850634730825,0.3565539000317287,6.522948276095807,-0.07852679094492399,team_by_market,WAS,-1.5705358188984797,[1]
,30,True,receiving_yards,0.24464124257362496,0.12069046018547859,0.6824266991960365,0.5991892633334001,0.6281266,3.0112051070175796,0.3545480207597751,2.328778407821543,-0.0643626412671187,team_by_market,DAL,-1.9308792380135609,[1]
,6,False,rushing_yards,0.2710394720660559,0.18970367636582863,0.7353180322608743,0.6175981899999999,0.7854333333333333,1.5466035315631144,0.34655871793394405,0.81128549930224,-0.017460317460317454,team_by_market,CIN,-0.10476190476190472,[1]
,4,False,rushing_attempts,0.24397289734490513,0.033648267700335244,0.6809872101621751,0.57826773,0.7578,1.4533668944189753,0.33429483265509485,0.7723796842568001,-0.034999999999999976,team_by_market,BUF,-0.1399999999999999,[1]
,22,True,receiving_yards,0.25346346496126115,0.18765944216890473,0.7000767165638587,0.5868520900003636,0.6107541818181819,2.5654080740634537,0.3333886250391025,1.865331357499595,-0.05063804629938766,team_by_market,DEN,-1.1140370185865285,[1]
,18,False,rushing_yards,0.24729823428245437,0.09693869782681738,0.6877256955378553,0.5693972055555556,0.6530777777777776,1.8634971569811205,0.3220989712731013,1.175771461443265,-0.05672335478312286,team_by_market,KC,-1.0210203860962115,[1]
,4,False,rushing_attempts,0.2538892054823938,0.2736200156526296,0.7008959758190565,0.5744149199999999,0.7565999999999999,1.429969969393257,0.32052571451760614,0.7290739935742006,-0.03254696373962429,team_by_market,TEN,-0.13018785495849716,[1]
,14,False,passing_yards,0.2562690820590632,0.22040565517532645,0.7056972054525604,0.5716041985714285,0.7554428571428572,1.4162756212243803,0.31533511651236534,0.7105784157718199,-0.048630544993735585,team_by_market,HOU,-0.6808276299122982,[1]
,26,True,receiving_yards,0.24466710473135872,0.05211867748993911,0.6824238469029915,0.55925366,0.5886461538461538,2.2603867831334297,0.31458655526864127,1.5779629362304382,-0.06547353714868992,team_by_market,ATL,-1.7023119658659378,[1]
,6,False,rushing_yards,0.2443637646405795,0.1595263714365601,0.6818704362128877,0.55286327,0.7428333333333333,1.3661234434277116,0.3084995053594205,0.684253007214824,-0.062103334227228024,team_by_market,CAR,-0.37262000536336815,[1]
,20,True,receiving_yards,0.25056252349128494,0.006976767285839236,0.6942742652662566,0.5460625689999999,0.6173299999999999,2.6984022703999857,0.295500045508715,2.004128005133729,-0.052489594372877146,team_by_market,LAR,-1.049791887457543,[1]
,10,False,receptions,0.23349674876003731,0.14694016073962296,0.6596863353928298,0.510040304,0.70204,1.323709796008038,0.27654355523996266,0.6640234606152081,-0.05008828553825473,team_by_market,DAL,-0.5008828553825473,[1]
,28,True,receiving_yards,0.24743040365727004,0.02613317330570608,0.6879937525559312,0.5172605464287143,0.5897641428571428,4.746103496887405,0.2698301427714443,4.058109744331474,-0.056388835200386005,team_by_market,SF,-1.578887385610808,[1]
,6,False,rushing_attempts,0.24189432200117944,0.1171837332667222,0.6769814923257128,0.49622802,0.6920000000000001,1.2815165879847437,0.25433369799882055,0.6045350956590309,-0.06068376068376069,team_by_market,ARI,-0.36410256410256414,[1]
,16,False,receptions,0.23971335592023868,0.15350408622780676,0.6730289789887773,0.4728515325,0.5218,1.7134958622760883,0.23313817657976132,1.040466883287311,-0.022485853284927887,team_by_market,KC,-0.3597736525588462,[1]
,16,False,receiving_yards,0.2468436779321963,0.04378775385957483,0.6868351704517244,0.474297375,0.577525,1.2341935394086778,0.22745369706780372,0.5473583689569534,-0.06166033041033041,team_by_market,NYJ,-0.9865652865652865,[1]
,2,False,rushing_attempts,0.31580596835849933,0.5615369277765119,0.8257354798824658,0.52983841,0.7279,1.3015856331929365,0.21403244164150065,0.47585015331047076,0.125,team_by_market,CAR,0.25,[1]
,24,True,receiving_yards,0.25183842714875454,0.13426228030551593,0.6968166099594243,0.44390203166666664,0.34535,1.5871147130497534,0.1920636045179121,0.8902981030903291,-0.050332788568648514,team_by_market,LAC,-1.2079869256475644,[1]
,14,False,receptions,0.23173465112073588,0.2336040333698901,0.656480101208759,0.42030752714285713,0.5685,1.392788608497392,0.18857287602212125,0.736308507288633,-0.06027562289141151,team_by_market,SF,-0.8438587204797611,[1]
,8,False,receptions,0.2484843429761971,0.3745000669938672,0.6887009822217539,0.43653629499999996,0.6214,1.1544472873051115,0.18805195202380287,0.46574630508335757,0.0012499999999999734,team_by_market,LAC,0.009999999999999787,[1]
,38,True,receiving_yards,0.25115702538487694,0.056646872269272855,0.6954614355315326,0.43909201789473684,0.41332631578947365,1.4383461761896736,0.1879349925098599,0.742884740658141,-0.054204604818098544,team_by_market,GB,-2.0597749830877445,[1]
,22,True,receiving_yards,0.24495372326075893,0.12836812132821054,0.6830423628667919,0.4315345472729091,0.42752709090909086,1.6798533394952946,0.18658082401215015,0.9968109766285027,-0.0605823054913792,team_by_market,SEA,-1.3328107208103424,[1]
,34,True,receiving_yards,0.24673774643537594,0.07664050721797906,0.6866195886201063,0.4281983152943529,0.4776468235294118,3.066788459672643,0.181460568858977,2.3801688710525366,-0.05449695398920292,team_by_market,NO,-1.8528964356328994,[1]
,28,True,receiving_yards,0.2544557005296912,0.08049715355585685,0.7020684264987604,0.43176588285714285,0.44002857142857144,1.5758947493381308,0.17731018232745166,0.8738263228393703,-0.045569989682107646,team_by_market,CAR,-1.2759597110990142,[1]
,36,True,receiving_yards,0.25044703952926956,0.07856507848364844,0.6940439200725445,0.41891555722238893,0.3994387222222222,1.7731659071262658,0.16846851769311938,1.0791219870537212,-0.05254322237279582,team_by_market,IND,-1.8915560054206497,[1]
,10,False,receptions,0.2734579030204465,0.15505065779814892,0.7408805817330931,0.4396452,0.6513199999999999,1.1380065475160148,0.16618729697955353,0.3971259657829217,0.03526340326340327,team_by_market,CHI,0.3526340326340327,[1]
,6,False,receptions,0.18683117170797814,0.4318507781755434,0.565900778542235,0.3507822,0.3846,0.9097102921927157,0.16395102829202185,0.34380951365048074,-0.15500565119109722,team_by_market,WAS,-0.9300339071465833,[1]
,14,False,receptions,0.278774987762474,0.29618312600464264,0.7515422004603617,0.44131645,0.5289857142857143,1.1486155794807575,0.16254146223752602,0.39707337902039586,0.052331029185867885,team_by_market,IND,0.7326344086021503,[1]
,8,False,rushing_yards,0.24396175423445712,0.1104758589901247,0.6810552300981878,0.40300286500000004,0.6334,1.0102217512277036,0.15904111076554292,0.32916652112951583,-0.06489112739112739,team_by_market,DEN,-0.5191290191290191,[1]
,8,False,passing_yards,0.25357974323238197,0.12905002538606597,0.7003077192056736,0.405489315,0.6365000000000001,1.0133294498804717,0.15190957176761805,0.3130217306747981,-0.055335968379446654,team_by_market,SF,-0.44268774703557323,[1]
,10,False,passing_yards,0.2526492966117828,0.20262699159440772,0.698446349982707,0.38733521,0.62198,0.9744641232594663,0.13468591338821717,0.27601777327675925,-0.05584366053473605,team_by_market,GB,-0.5584366053473605,[1]
,2,False,passing_tds,0.24891030854843915,0.020261872085201083,0.6909635429455016,0.38278969,0.6187,0.964168812118619,0.13387938145156086,0.2732052691731175,-0.019230769230769218,team_by_market,SF,-0.038461538461538436,[1]
,2,False,rushing_attempts,0.2229546795342381,0.471555645527029,0.6388751895130156,0.35236096,0.5936,0.900417382717865,0.1294062804657619,0.2615421932048494,-0.06521739130434784,team_by_market,WAS,-0.13043478260869568,[1]
,8,False,receptions,0.2596245605483711,0.23671852952725383,0.7130574772183922,0.377952885,0.37935,0.9653625955968688,0.11832832445162894,0.2523051183784766,0.005686392914653782,team_by_market,BUF,0.045491143317230254,[1]
,42,True,receiving_yards,0.24892803973023553,0.05812080763269175,0.6910006403046708,0.36401030666666667,0.3576761904761905,1.4257720643007012,0.11508226693643114,0.7347714239960305,-0.05570067838590691,team_by_market,PHI,-2.33942849220809,[1]
,10,False,receptions,0.2509238493062937,0.13717506073493876,0.6950622230034471,0.36479302799999996,0.35032,0.9630427764781324,0.11386917869370627,0.2679805534746853,-0.0224812399099386,team_by_market,NE,-0.224812399099386,[1]
,6,False,rushing_yards,0.23147223454250485,0.1438180881758706,0.6559871900854094,0.34479096666666664,0.5844,0.8872438021793972,0.1133187321241618,0.23125661209398785,-0.08734348933985958,team_by_market,TB,-0.5240609360391575,[1]
,12,False,receptions,0.24431513591161555,0.23337835790869202,0.6812771459590904,0.355640185,0.42324999999999996,0.9628578583150161,0.11132504908838445,0.28158071235592574,-0.021059157104911533,team_by_market,PHI,-0.2527098852589384,[1]
,12,False,receptions,0.24373859929741934,0.12311854621291951,0.679733534312421,0.3518157433333333,0.48366666666666663,0.9175316381649837,0.10807714403591398,0.23779810385256273,-0.03755087760132251,team_by_market,LAR,-0.45061053121587014,[1]
,8,False,rushing_yards,0.2567288611157621,0.14385796456965405,0.7066479115638107,0.3564348975,0.5956250000000001,0.9105288191605678,0.09970603638423792,0.20388090759675714,-0.039372895622895615,team_by_market,CHI,-0.3149831649831649,[1]
,8,False,receptions,0.25734239280669385,0.15930736457463743,0.70766896100588,0.350830285,0.5855,0.9094443350321286,0.09348789219330617,0.20177537402624868,-0.009296772068511205,team_by_market,JAX,-0.07437417654808964,[1]
,2,False,passing_tds,0.2374668266577138,0.015969560158435425,0.6680499397197662,0.32798529,0.5727,0.8502689363321577,0.09051846334228619,0.1822189966123915,-0.06140350877192985,team_by_market,DET,-0.1228070175438597,[1]
,26,True,receiving_yards,0.24305337555758783,0.01133387794804572,0.6791175549205158,0.33256744692307694,0.41663846153846157,0.9248195220522663,0.08951407136548911,0.2457019671317504,-0.06874869802402059,team_by_market,NE,-1.7874661486245351,[1]
,34,True,receiving_yards,0.24903506217431973,0.06515271364472526,0.6912121859600314,0.3373922129417647,0.34307000000000004,2.988004830306056,0.08835715076744496,2.2967926443460245,-0.05704347312327097,team_by_market,CLE,-1.9394780861912129,[1]
,40,True,receiving_yards,0.25190076175564824,0.1068659112936646,0.6969495105686232,0.33070321650015,0.26620485,1.0374858640592606,0.07880245474450176,0.3405363534906374,-0.05518846700819759,team_by_market,ARI,-2.207538680327904,[1]
,2,False,passing_tds,0.18963858190767782,0.43534823695932723,0.5717193968039767,0.26604964000000003,0.5158,0.7252572344781789,0.07641105809232221,0.15353783767420226,-0.15517241379310343,team_by_market,PHI,-0.31034482758620685,[1]
,10,False,receptions,0.2268531564619055,0.24100286956203706,0.6466949498681958,0.300341148,0.33708,0.7981390125089914,0.07348799153809452,0.15144406264079568,-0.07711053450960041,team_by_market,LV,-0.7711053450960041,[1]
,4,False,rushing_attempts,0.25519370287757764,0.04132636339052628,0.703534852276965,0.32760480999999997,0.5655,0.8546962830644453,0.07241110712242232,0.15116143078748034,-0.03258196721311474,team_by_market,CHI,-0.13032786885245895,[1]
,8,False,rushing_attempts,0.2458401238160927,0.09414580154040499,0.6848378632718575,0.310999725,0.38295,0.9682991921984463,0.06515960118390732,0.2834613289265888,-0.03565976093150007,team_by_market,KC,-0.28527808745200056,[1]
,18,False,receptions,0.26605810588924445,0.12796170011840424,0.7256360605990825,0.3308819433333333,0.2774333333333333,0.8681127101981249,0.06482383744408887,0.14247664959904238,0.004715816265112039,team_by_market,DET,0.08488469277201671,[1]
,2,False,passing_tds,0.2928972709848303,0.5408111955507012,0.7792919958766744,0.35188623999999996,0.5932,0.8994336148077322,0.058988969015169646,0.12014161893105779,0.07499999999999996,team_by_market,DEN,0.1499999999999999,[1]
,16,False,receptions,0.2614626166354107,0.24109401842784742,0.7171376261680446,0.31831276625,0.4242625,0.8626769954373679,0.056850149614589285,0.14553936926932332,0.01320863906359189,team_by_market,TB,0.21133822501747024,[1]
,26,True,receiving_yards,0.24934525479665973,0.009796837037013933,0.6918351679383217,0.30443648,0.27353846153846156,1.4633358341467253,0.05509122520334028,0.7715006662084036,-0.05435435212254926,team_by_market,JAX,-1.4132131551862808,[1]
,2,False,passing_tds,0.2603584220155119,0.5101522842639594,0.7138755373991184,0.30669444,0.5538000000000001,0.8069879969837048,0.04633601798448811,0.09311245958458647,-0.023809523809523836,team_by_market,WAS,-0.04761904761904767,[1]
,24,True,receiving_yards,0.2481172647590276,0.0351363744014893,0.6893745821115367,0.29332610833333334,0.31105,1.0630900919509312,0.04520884357430574,0.3737155098393945,-0.059869252120741456,team_by_market,CHI,-1.436862050897795,[1]
,8,False,receptions,0.22704771288218376,0.1636847878939709,0.6467589113015725,0.269972745,0.22205,0.7216216338971886,0.04292503211781626,0.0748627225956161,-0.053191072212811344,team_by_market,DEN,-0.42552857770249075,[1]
,2,False,rushing_attempts,0.3042188967833992,0.5511769145610572,0.8021772863017538,0.34152336000000005,0.5844,0.8780320197570648,0.03730446321660086,0.07585473345531102,0.08999999999999997,team_by_market,CIN,0.17999999999999994,[1]
,20,True,receiving_yards,0.252132151535122,0.007407220884754373,0.6974166767638625,0.2862785220002,0.28273980000000004,3.034014016913297,0.03414637046507801,2.336597340149434,-0.04486802132394474,team_by_market,HOU,-0.8973604264788948,[1]
,12,False,receptions,0.22401306642578,0.12349560419954182,0.6407850775450897,0.25497046500000003,0.18475,0.6878579512891679,0.03095739857422003,0.0470728737440782,-0.07885374354268364,team_by_market,ARI,-0.9462449225122036,[1]
,14,False,receiving_yards,0.2451809736230297,0.2762976363385583,0.6835038509421022,0.27584912,0.33708571428571427,1.03980231126306,0.030668146376970296,0.3562984603209579,-0.0546163545509737,team_by_market,TEN,-0.7646289637136319,[1]
,34,True,receiving_yards,0.2520334367403768,0.0338842287041373,0.6972146278923556,0.28014774,0.21484705882352942,1.1006761843144082,0.028114303259623163,0.4034615564220526,-0.051137927754410395,team_by_market,DET,-1.7386895436499534,[1]
,2,False,rushing_attempts,0.2991881725905463,0.5467879435448063,0.7919093262868373,0.32512804000000006,0.5702,0.844435294773727,0.025939867409453754,0.05252596848688973,0.07499999999999996,team_by_market,TB,0.1499999999999999,[1]
,2,False,rushing_attempts,0.24078717842762948,0.49069947508048206,0.6747193344820449,0.26553409,0.5153,0.7242251361308067,0.024746911572370522,0.04950580164876184,-0.07627118644067798,team_by_market,DET,-0.15254237288135597,[1]
,10,False,rushing_yards,0.24112324057945403,0.01457135416064963,0.675347554430182,0.262883288,0.15436,0.7192920656816839,0.021760047420545964,0.043944511251501894,-0.07556527784600861,team_by_market,LAC,-0.7556527784600862,[1]
,2,False,rushing_attempts,0.23004088868328404,0.4794615257893501,0.6531822560688316,0.24850225000000004,0.49850000000000005,0.6901516715801468,0.018461361316715996,0.03696941551131516,-0.08333333333333331,team_by_market,SF,-0.16666666666666663,[1]
,2,False,rushing_attempts,0.19851676756211634,0.4450915679803274,0.589618788595607,0.21696964,0.4658,0.6269849783062765,0.018452872437883655,0.03736618971066952,-0.12962962962962965,team_by_market,PIT,-0.2592592592592593,[1]
,14,False,receptions,0.2050095953346169,0.2697941071198867,0.6021123614588709,0.2196643942857143,0.1898857142857143,0.6255982529455025,0.014654798951097392,0.023485891486631605,-0.11275566523658127,team_by_market,GB,-1.5785793133121377,[1]
,8,False,receptions,0.238942331164415,0.06899180438443908,0.6708729649698117,0.252408885,0.47705000000000003,0.6929015382012813,0.013466553835585038,0.02202857323146956,-0.05069694244604317,team_by_market,SEA,-0.40557553956834536,[1]
,8,False,passing_yards,0.25458212051466994,0.13189057840256946,0.7023351934680472,0.2664208025,0.270875,0.7261412417566953,0.011838681985330057,0.023806048288648074,-0.0377926124064568,team_by_market,CIN,-0.3023408992516544,[1]
,8,False,passing_yards,0.24291130069282155,0.24200123526878065,0.6789596260001177,0.25172632500000003,0.016000000000000014,0.6966053707990569,0.008815024307178482,0.01764574479893921,-0.06395759864262425,team_by_market,PHI,-0.511660789140994,[1]
,4,False,rushing_attempts,0.2761229012469775,0.0620190334984701,0.7461009792319919,0.282884125,0.52245,0.7613460603545574,0.006761223753022461,0.015245081122565507,0.020833333333333343,team_by_market,LAC,0.08333333333333337,[1]
,2,False,passing_tds,0.26473811149490833,0.01634484606539971,0.7226634880075782,0.26988025000000004,0.5195000000000001,0.7329280505717899,0.005142138505091709,0.01026456256421171,0.0,team_by_market,GB,0.0,[1]
,2,False,passing_tds,0.1731870670705814,0.4158815401042648,0.5379880699120488,0.17774655999999997,0.4216,0.5474896081375821,0.004559492929418568,0.009501538225533235,-0.16666666666666669,team_by_market,HOU,-0.33333333333333337,[1]
,8,False,receptions,0.2129689725021128,0.17639843611843853,0.6182967649984064,0.21500871249999998,0.314875,0.6343430467181541,0.0020397399978871744,0.016046281719747757,-0.10303456705895732,team_by_market,HOU,-0.8242765364716585,[1]
,40,True,receiving_yards,0.25247173550518764,0.08713605280782963,0.6980765736874417,0.2532506255002,0.2768448,1.908020742087696,0.0007788899950123551,1.2099441684002543,-0.04884887025027337,team_by_market,KC,-1.9539548100109347,[1]
,4,False,rushing_attempts,0.2765150113135659,0.5193589975556561,0.7475313469117454,0.276802605,0.51405,0.7489657110152872,0.00028759368643410665,0.0014343641035418075,0.005285234899328889,team_by_market,HOU,0.021140939597315556,[1]
,28,True,receiving_yards,0.25185278020322305,0.04490269865578578,0.6968583716813302,0.24677986357171428,0.261764,0.6866379087179268,-0.005072916631508773,-0.010220462963403398,-0.047174841511949187,team_by_market,MIN,-1.3208955623345773,[1]
,6,False,receptions,0.25715520563221844,0.3538155083953147,0.7074600589909634,0.2512316566666667,0.2575666666666667,0.6942636641709009,-0.00592354896555175,-0.013196394820062518,-0.012345679012345678,team_by_market,ATL,-0.07407407407407407,[1]
,14,False,receptions,0.22949535381936462,0.13032484435749225,0.6510994380103993,0.22201926142857142,0.27955714285714284,0.6340025616109237,-0.007476092390793193,-0.017096876399475547,-0.06077768237982652,team_by_market,BAL,-0.8508875533175713,[1]
,2,False,passing_tds,0.18177456557536945,0.42588196582602766,0.5555260712944812,0.15642024999999998,0.39549999999999996,0.5033536089272896,-0.025354315575369463,-0.05217246236719153,-0.15517241379310343,team_by_market,CHI,-0.31034482758620685,[1]
,2,False,passing_tds,0.21254899570552954,0.4604507851567845,0.6179394068246434,0.18593344000000003,0.4312,0.564226400493106,-0.02661555570552951,-0.053713006331537416,-0.0901639344262295,team_by_market,BAL,-0.180327868852459,[1]
,2,False,passing_tds,0.3052839840005565,0.5516360419461368,0.8045975268254162,0.27836176,0.5276000000000001,0.7499291946589297,-0.026922224000556494,-0.05466833216648648,0.12,team_by_market,LAC,0.24,[1]
,10,False,receptions,0.23264543405944593,0.16388897895368784,0.658456978379986,0.20257572000000001,0.2834,0.5894901249714596,-0.030069714059445918,-0.06896685340852637,-0.046342780026990535,team_by_market,CAR,-0.4634278002699054,[1]
,2,False,passing_tds,0.19998500147677395,0.4462090842673874,0.5924088473088572,0.16908544,0.4112,0.5296687115674706,-0.030899561476773946,-0.0627401357413866,-0.109375,team_by_market,TB,-0.21875,[1]
,2,False,passing_tds,0.24552085433537868,0.025458406712938975,0.684163827163718,0.20903184000000002,0.45720000000000005,0.6110143510214231,-0.036489014335378656,-0.07314947614229494,-0.023809523809523836,team_by_market,LAR,-0.04761904761904767,[1]
,14,False,receptions,0.2443546531480945,0.048083290428376446,0.6817919453971178,0.20773026285714286,0.3684857142857143,0.6673067617840588,-0.03662439029095166,-0.01448518361305906,-0.043258870758870756,team_by_market,CLE,-0.6056241906241906,[1]
,18,False,receptions,0.24876572177779568,0.06845597101730332,0.6912896163436205,0.21213171333333333,0.11511111111111111,0.6071369735857295,-0.03663400844446235,-0.08415264275789103,-0.0028653607678954898,team_by_market,NYG,-0.05157649382211882,[1]
,2,False,passing_tds,0.37292183330749096,0.6106092848833522,0.9434297537156731,0.33466225,0.5785,0.8639355015402269,-0.03825958330749096,-0.07949425217544615,0.24,team_by_market,PIT,0.48,[1]
,40,True,receiving_yards,0.25669709259407064,0.11168749478763544,0.7066369018986559,0.21825222650000003,0.24032499999999998,0.658188020701952,-0.03844486609407061,-0.048448881196703875,-0.03934157678123758,team_by_market,BAL,-1.573663071249503,[1]
,2,False,passing_tds,0.22862750772383583,0.4776263470293321,0.6502902156125323,0.18421264,0.4292,0.5607163933794558,-0.04441486772383582,-0.08957382223307653,-0.05357142857142855,team_by_market,BUF,-0.1071428571428571,[1]
,42,True,receiving_yards,0.2592171247426306,0.13172230841681265,0.7116230267235126,0.2107910823809524,0.25042380952380955,0.5823461725941131,-0.04842604236167819,-0.1292768541293995,-0.035446859910510053,team_by_market,NYG,-1.4887681162414221,[1]
,2,False,passing_tds,0.3086616411426646,0.554326327738554,0.8116643252154381,0.25441936,0.5044,0.7019861292271496,-0.054242281142664606,-0.10967819598828843,0.15000000000000002,team_by_market,ARI,0.30000000000000004,[1]
,4,False,receptions,0.25400171214097134,0.053848650388147845,0.7013384585153631,0.199016005,0.43545,0.5866936724056753,-0.05498570714097134,-0.11464478610968787,0.004807692307692318,team_by_market,NYJ,0.019230769230769273,[1]
,8,False,receptions,0.2593171102797049,0.056416768512251386,0.7119452501693531,0.200360015,0.20065,0.5709722516931723,-0.058957095279704885,-0.14097299847618072,-0.0009207459207459245,team_by_market,MIN,-0.007365967365967396,[1]
,2,False,passing_tds,0.14167486552521813,0.3760014107925631,0.4719897321840385,0.08025889,0.2833,0.3330979359822635,-0.06141597552521813,-0.138891796201775,-0.2222222222222222,team_by_market,CIN,-0.4444444444444444,[1]
,30,True,receiving_yards,0.2516922621716115,0.05783989802773393,0.696533553072181,0.18723034666666666,0.18929333333333337,0.5494249298621731,-0.06446191550494484,-0.14710862321000795,-0.054407198389485795,team_by_market,TB,-1.6322159516845738,[1]
,8,False,passing_yards,0.24681818772651484,0.004353001572106746,0.686774418539966,0.180721935,0.42474999999999996,0.553414173215576,-0.06609625272651484,-0.13336024532439006,-0.05937661401301263,team_by_market,KC,-0.475012912104101,[1]
,2,False,passing_tds,0.15726642545876837,0.3954802526720937,0.5045014413967601,0.08940100000000001,0.29900000000000004,0.35524739194754695,-0.06786542545876836,-0.14925404944921317,-0.1875,team_by_market,CAR,-0.375,[1]
,6,False,rushing_yards,0.2431513999490725,0.1563022028029708,0.6794452622035262,0.17467188666666666,0.4156666666666667,0.5400464112866702,-0.06847951328240584,-0.139398850916856,-0.06835302174285225,team_by_market,HOU,-0.41011813045711354,[1]
,10,False,receptions,0.23372301706295456,0.14302540468540154,0.6602785016767212,0.16062327799999998,0.35669999999999996,0.48302461853242207,-0.07309973906295458,-0.17725388314429913,-0.05715618562946807,team_by_market,CIN,-0.5715618562946807,[1]
,10,False,receptions,0.22615577974844733,0.10735058765475895,0.6446262358145047,0.14882188400000002,0.36744,0.4764223185736931,-0.07733389574844732,-0.16820391724081163,-0.0639724334905812,team_by_market,PIT,-0.6397243349058119,[1]
,4,False,receptions,0.2548110796834663,0.2757425836268491,0.7030335751889842,0.1724125,0.4047,0.5310172247234527,-0.08239857968346628,-0.17201635046553154,0.00991379310344831,team_by_market,TEN,0.03965517241379324,[1]
,6,False,rushing_yards,0.23191567864746288,0.14296605610019095,0.6568455579154711,0.14364720666666667,0.3746666666666667,0.4735936772503941,-0.08826847198079621,-0.18325188066507697,-0.07901524305232827,team_by_market,SF,-0.4740914583139696,[1]
,8,False,rushing_yards,0.2508106595500369,0.13133131322379457,0.6947665418138265,0.158691835,0.3977,0.5077268729526598,-0.09211882455003689,-0.18703966886116663,-0.055441372306031786,team_by_market,TEN,-0.4435309784482543,[1]
,6,False,rushing_yards,0.25860959824227425,0.3417884324242861,0.7103745201979424,0.16440447,0.39936666666666665,0.5169595903326416,-0.09420512824227426,-0.19341492986530084,-0.03634085213032584,team_by_market,GB,-0.21804511278195504,[1]
,4,False,rushing_attempts,0.2667102736770153,0.06273756302701777,0.7269810787677267,0.166742865,0.39944999999999997,0.5199673829626258,-0.09996740867701528,-0.20701369580510087,-0.007692307692307693,team_by_market,DEN,-0.03076923076923077,[1]
,2,False,passing_tds,0.18768778763156085,0.4325882730644826,0.5675330217005126,0.06922161,0.2631,0.3053030812091834,-0.11846617763156085,-0.26222994049132914,-0.14028776978417268,team_by_market,NE,-0.28057553956834536,[1]
,10,False,rushing_yards,0.2473077878601107,0.08382810485466183,0.6877456756077531,0.10576375200000002,0.32320000000000004,0.3918173652313763,-0.1415440358601107,-0.29592831037637685,-0.06030436260141882,team_by_market,MIA,-0.6030436260141881,[1]
,2,False,passing_tds,0.2364650115545675,0.014971767572078465,0.6660462742679675,0.07935488999999998,0.28169999999999995,0.3308679699013811,-0.15711012155456752,-0.33517830436658635,-0.06140350877192985,team_by_market,MIA,-0.1228070175438597,[1]
,2,False,passing_tds,0.3044057389518665,0.5507575355316023,0.8028551446444419,0.14699556,0.38339999999999996,0.483534763530087,-0.15741017895186651,-0.31932038111435485,0.125,team_by_market,KC,0.25,[1]
,4,False,passing_tds,0.29054126868442587,0.18227422134508206,0.7813342859941501,0.12753616,0.3096,0.4048762749687791,-0.16300510868442586,-0.376458011025371,0.1,team_by_market,NO,0.4,[1]
,10,False,passing_yards,0.2562262957725865,0.4061093928520932,0.7056083725759569,0.083861356,0.28884000000000004,0.34128499841912247,-0.1723649397725865,-0.3643233741568344,-0.04199580646949068,team_by_market,LAR,-0.4199580646949068,[1]
,8,False,receptions,0.2628324027862141,0.2733464733580539,0.7188688753959361,0.0892776975,0.28597500000000003,0.34421774146713613,-0.1735547052862141,-0.3746511339288,-0.0030455386037910315,team_by_market,MIA,-0.024364308830328252,[1]
,32,True,receiving_yards,0.24682277511234418,0.1488374347526238,0.6867870191490036,0.06958566000000001,0.0869875,0.21125695595043947,-0.1772371151123442,-0.47553006319856417,-0.05730714799668582,team_by_market,CIN,-1.8338287358939462,[1]
,2,False,passing_tds,0.24571196903094983,0.021199359325094036,0.6845547391166238,0.0625,0.25,0.2876820724517809,-0.18321196903094983,-0.3968726666648429,-0.028301886792452824,team_by_market,JAX,-0.05660377358490565,[1]
,6,False,rushing_attempts,0.24910598359186972,0.19938904837374993,0.6912967268514681,0.061115029999999994,0.24423333333333333,0.28128516876946524,-0.18799095359186974,-0.4100115580820029,-0.04092592592592592,team_by_market,MIA,-0.24555555555555553,[1]
,2,False,passing_tds,0.19523174527768428,0.4411895096445553,0.5828801421238666,0.0017892900000000002,0.042300000000000004,0.043220702454563435,-0.19344245527768428,-0.5396594396693032,-0.12962962962962965,team_by_market,ATL,-0.2592592592592593,[1]
,4,False,rushing_attempts,0.26570113801946643,0.047875122186693014,0.724782905300289,0.070280865,0.25695,0.3008625110257623,-0.19542027301946643,-0.4239203942745267,-0.005888429752066132,team_by_market,BAL,-0.02355371900826453,[1]
,10,False,passing_yards,0.2503490512960457,0.09623487058211479,0.6938473011129889,0.049045604,0.21988,0.24889432704027578,-0.20130344729604568,-0.44495297407271306,-0.056883200592319494,team_by_market,WAS,-0.5688320059231949,[1]
,12,False,passing_yards,0.24784157236509816,0.1644723692089801,0.6888285078195545,0.04587721833333334,0.21175000000000002,0.2387702762738576,-0.20196435403176483,-0.4500582315456969,-0.06259690274923867,team_by_market,CAR,-0.7511628329908641,[1]
,2,False,passing_tds,0.21195191371519367,0.4593704029841933,0.6166156541142631,0.00996004,0.0998,0.10513831812330474,-0.20199187371519367,-0.5114773359909583,-0.08333333333333331,team_by_market,DAL,-0.16666666666666663,[1]
,2,False,rushing_attempts,0.21444936649014892,0.462777652041773,0.6218393084266248,0.008335690000000005,0.09130000000000002,0.0957402722808358,-0.20611367649014892,-0.526099036145789,-0.09999999999999998,team_by_market,NE,-0.19999999999999996,[1]
,10,False,rushing_yards,0.25081195650315674,0.005309104427807276,0.694771578337494,0.039725659999999996,0.19712000000000002,0.22022638104166248,-0.21108629650315675,-0.47454519729583156,-0.058760235485209325,team_by_market,BUF,-0.5876023548520932,[1]
,8,False,passing_yards,0.2512779876739497,0.12626518218623484,0.6957035068688566,0.035787824999999995,0.1889,0.2094434836942821,-0.21549016267394971,-0.4862600231745745,-0.05736518915866742,team_by_market,BUF,-0.4589215132693394,[1]
,8,False,passing_yards,0.24820552958296993,0.24819126733565328,0.6895578791520673,0.030503984999999997,0.17279999999999995,0.1901795054108219,-0.21770154458296992,-0.49937837374124544,-0.06136975759907656,team_by_market,LAC,-0.4909580607926125,[1]
,6,False,rushing_yards,0.2562087364571349,0.01451364288694553,0.7055812302126023,0.025304206666666662,0.1576,0.17183073037466498,-0.23090452979046822,-0.5337504998379373,-0.03092501368363439,team_by_market,DAL,-0.18555008210180635,[1]
,38,True,receiving_yards,0.24936624808564603,0.10030412090920524,0.6918837331579752,0.009013877895,0.05176868421052631,0.056965201540621034,-0.24035237019064604,-0.6349185316173542,-0.05627927153797378,team_by_market,MIA,-2.1386123184430037,[1]
,12,False,passing_yards,0.24273919489857046,0.074766432594112,0.6785893404811884,1.0000000000287556e-12,1.000000000014378e-06,1.000000500029089e-06,-0.24273919489757045,-0.6785883404806883,-0.06781375652803935,team_by_market,DAL,-0.8137650783364722,[1]
,4,False,rushing_attempts,0.2599185712086956,0.30687005820264135,0.7133484502185748,0.014203300000000002,0.0993,0.10726681167512236,-0.2457152712086956,-0.6060816385434524,-0.017151162790697644,team_by_market,DAL,-0.06860465116279058,[1]
,10,False,passing_yards,0.2529152544000999,0.2040664794661012,0.6989802631575788,8.000799999999142e-09,4.0800000000031505e-05,4.080400093343221e-05,-0.25291524639929985,-0.6989394591566453,-0.050573340047024275,team_by_market,JAX,-0.5057334004702427,[1]
,8,False,passing_yards,0.2552137137070743,0.25560942710577217,0.7035849806298826,7.780500000000003e-05,0.008800000000000016,0.00883913442215986,-0.2551359087070743,-0.6947458462077227,-0.04010737069947597,team_by_market,MIA,-0.32085896559580773,[1]
,12,False,passing_yards,0.2568131925194064,0.25764218111824083,0.7067873910609738,0.0008030066666666666,0.027899999999999963,0.028309617483444488,-0.2560101858527397,-0.6784777735775293,-0.04638760073542683,team_by_market,PIT,-0.556651208825122,[1]
,6,False,rushing_yards,0.27059817093388333,0.3546061313492764,0.7344975498466262,0.0022190999999999986,0.04653333333333327,0.04768040203967521,-0.26837907093388336,-0.686817147806951,-0.015001365001364989,team_by_market,NE,-0.09000819000818994,[1]
,6,False,rushing_yards,0.287499240830476,0.20382585692148222,0.7692516146205334,0.010262416666666664,0.09409999999999998,0.09970029006736365,-0.27723682416380935,-0.6695513245531697,0.022713981924508242,team_by_market,JAX,0.13628389154704945,[1]
